approach,from_version,to_version,scenario_id,scenario_name,difficulty,challenge_type,description,step_budget,event_prev,event_curr,steps_prev,steps_curr,step_delta,trace_changed,event_changed,steps_changed,pure_trace_drift,outcome_drift,change_type
gpt_pdd_group_a,1,2,1,easy_open_short_path,easy,straight_line,"Open grid, no obstacles, short path.",20,INVALID_CONTROLLER,INVALID_CONTROLLER,0,0,0,False,False,False,False,False,same
gpt_pdd_group_a,1,2,2,easy_single_obstacle_detour,easy,single_detour,Single obstacle on the direct path requiring one simple detour.,24,INVALID_CONTROLLER,INVALID_CONTROLLER,0,0,0,False,False,False,False,False,same
gpt_pdd_group_a,1,2,3,easy_l_wall_one_turn,easy,single_detour,L-shaped wall forcing a simple route with one major turn.,28,INVALID_CONTROLLER,INVALID_CONTROLLER,0,0,0,False,False,False,False,False,same
gpt_pdd_group_a,1,2,4,easy_corner_goal_blocked,easy,single_detour,Goal is in a corner with one obstacle blocking the most direct route.,26,INVALID_CONTROLLER,INVALID_CONTROLLER,0,0,0,False,False,False,False,False,same
gpt_pdd_group_a,1,2,5,easy_two_isolated_obstacles,easy,single_detour,Slightly longer path with two isolated obstacles on the direct route.,30,INVALID_CONTROLLER,INVALID_CONTROLLER,0,0,0,False,False,False,False,False,same
gpt_pdd_group_a,1,2,6,medium_straight_narrow_corridor,medium,corridor,Narrow one-cell-wide corridor running straight through the map.,15,INVALID_CONTROLLER,INVALID_CONTROLLER,0,0,0,False,False,False,False,False,same
gpt_pdd_group_a,1,2,7,medium_s_shaped_path,medium,corridor,S-shaped corridor with two forced turns.,20,INVALID_CONTROLLER,INVALID_CONTROLLER,0,0,0,False,False,False,False,False,same
gpt_pdd_group_a,1,2,8,medium_central_obstacle,medium,single_detour,Large central obstacle can be navigated around either side.,20,INVALID_CONTROLLER,INVALID_CONTROLLER,0,0,0,False,False,False,False,False,same
gpt_pdd_group_a,1,2,9,medium_single_valid_detour,medium,single_detour,Direct route is blocked and only one detour gap is available.,18,INVALID_CONTROLLER,INVALID_CONTROLLER,0,0,0,False,False,False,False,False,same
gpt_pdd_group_a,1,2,10,medium_dead_end_corridors,medium,dead_end,Two corridor choices exist; one is a dead end and one reaches the goal.,20,INVALID_CONTROLLER,INVALID_CONTROLLER,0,0,0,False,False,False,False,False,same
gpt_pdd_group_a,1,2,11,hard_maze_one_dead_end,hard,dead_end,Maze-like layout with one dead end before the correct path.,24,INVALID_CONTROLLER,INVALID_CONTROLLER,0,0,0,False,False,False,False,False,same
gpt_pdd_group_a,1,2,12,hard_u_trap_goal,hard,counterintuitive,U-shaped trap in front of the goal requiring the robot to go around.,24,INVALID_CONTROLLER,INVALID_CONTROLLER,0,0,0,False,False,False,False,False,same
gpt_pdd_group_a,1,2,13,hard_long_detour_budget,hard,counterintuitive,Long detour required; naive direct movement exhausts the tight budget.,26,INVALID_CONTROLLER,INVALID_CONTROLLER,0,0,0,False,False,False,False,False,same
gpt_pdd_group_a,1,2,14,hard_two_dead_ends,hard,dead_end,"Two dead ends and one correct path, with the correct route initially counterintuitive.",28,INVALID_CONTROLLER,INVALID_CONTROLLER,0,0,0,False,False,False,False,False,same
gpt_pdd_group_a,1,2,15,hard_move_away_corridor,hard,counterintuitive,Corridor forces the robot to move away from the nearby goal before reaching it.,22,INVALID_CONTROLLER,INVALID_CONTROLLER,0,0,0,False,False,False,False,False,same
gpt_pdd_group_a,2,3,1,easy_open_short_path,easy,straight_line,"Open grid, no obstacles, short path.",20,INVALID_CONTROLLER,INVALID_CONTROLLER,0,0,0,False,False,False,False,False,same
gpt_pdd_group_a,2,3,2,easy_single_obstacle_detour,easy,single_detour,Single obstacle on the direct path requiring one simple detour.,24,INVALID_CONTROLLER,INVALID_CONTROLLER,0,0,0,False,False,False,False,False,same
gpt_pdd_group_a,2,3,3,easy_l_wall_one_turn,easy,single_detour,L-shaped wall forcing a simple route with one major turn.,28,INVALID_CONTROLLER,INVALID_CONTROLLER,0,0,0,False,False,False,False,False,same
gpt_pdd_group_a,2,3,4,easy_corner_goal_blocked,easy,single_detour,Goal is in a corner with one obstacle blocking the most direct route.,26,INVALID_CONTROLLER,INVALID_CONTROLLER,0,0,0,False,False,False,False,False,same
gpt_pdd_group_a,2,3,5,easy_two_isolated_obstacles,easy,single_detour,Slightly longer path with two isolated obstacles on the direct route.,30,INVALID_CONTROLLER,INVALID_CONTROLLER,0,0,0,False,False,False,False,False,same
gpt_pdd_group_a,2,3,6,medium_straight_narrow_corridor,medium,corridor,Narrow one-cell-wide corridor running straight through the map.,15,INVALID_CONTROLLER,INVALID_CONTROLLER,0,0,0,False,False,False,False,False,same
gpt_pdd_group_a,2,3,7,medium_s_shaped_path,medium,corridor,S-shaped corridor with two forced turns.,20,INVALID_CONTROLLER,INVALID_CONTROLLER,0,0,0,False,False,False,False,False,same
gpt_pdd_group_a,2,3,8,medium_central_obstacle,medium,single_detour,Large central obstacle can be navigated around either side.,20,INVALID_CONTROLLER,INVALID_CONTROLLER,0,0,0,False,False,False,False,False,same
gpt_pdd_group_a,2,3,9,medium_single_valid_detour,medium,single_detour,Direct route is blocked and only one detour gap is available.,18,INVALID_CONTROLLER,INVALID_CONTROLLER,0,0,0,False,False,False,False,False,same
gpt_pdd_group_a,2,3,10,medium_dead_end_corridors,medium,dead_end,Two corridor choices exist; one is a dead end and one reaches the goal.,20,INVALID_CONTROLLER,INVALID_CONTROLLER,0,0,0,False,False,False,False,False,same
gpt_pdd_group_a,2,3,11,hard_maze_one_dead_end,hard,dead_end,Maze-like layout with one dead end before the correct path.,24,INVALID_CONTROLLER,INVALID_CONTROLLER,0,0,0,False,False,False,False,False,same
gpt_pdd_group_a,2,3,12,hard_u_trap_goal,hard,counterintuitive,U-shaped trap in front of the goal requiring the robot to go around.,24,INVALID_CONTROLLER,INVALID_CONTROLLER,0,0,0,False,False,False,False,False,same
gpt_pdd_group_a,2,3,13,hard_long_detour_budget,hard,counterintuitive,Long detour required; naive direct movement exhausts the tight budget.,26,INVALID_CONTROLLER,INVALID_CONTROLLER,0,0,0,False,False,False,False,False,same
gpt_pdd_group_a,2,3,14,hard_two_dead_ends,hard,dead_end,"Two dead ends and one correct path, with the correct route initially counterintuitive.",28,INVALID_CONTROLLER,INVALID_CONTROLLER,0,0,0,False,False,False,False,False,same
gpt_pdd_group_a,2,3,15,hard_move_away_corridor,hard,counterintuitive,Corridor forces the robot to move away from the nearby goal before reaching it.,22,INVALID_CONTROLLER,INVALID_CONTROLLER,0,0,0,False,False,False,False,False,same
gpt_pdd_group_a,3,4,1,easy_open_short_path,easy,straight_line,"Open grid, no obstacles, short path.",20,INVALID_CONTROLLER,INVALID_CONTROLLER,0,0,0,False,False,False,False,False,same
gpt_pdd_group_a,3,4,2,easy_single_obstacle_detour,easy,single_detour,Single obstacle on the direct path requiring one simple detour.,24,INVALID_CONTROLLER,INVALID_CONTROLLER,0,0,0,False,False,False,False,False,same
gpt_pdd_group_a,3,4,3,easy_l_wall_one_turn,easy,single_detour,L-shaped wall forcing a simple route with one major turn.,28,INVALID_CONTROLLER,INVALID_CONTROLLER,0,0,0,False,False,False,False,False,same
gpt_pdd_group_a,3,4,4,easy_corner_goal_blocked,easy,single_detour,Goal is in a corner with one obstacle blocking the most direct route.,26,INVALID_CONTROLLER,INVALID_CONTROLLER,0,0,0,False,False,False,False,False,same
gpt_pdd_group_a,3,4,5,easy_two_isolated_obstacles,easy,single_detour,Slightly longer path with two isolated obstacles on the direct route.,30,INVALID_CONTROLLER,INVALID_CONTROLLER,0,0,0,False,False,False,False,False,same
gpt_pdd_group_a,3,4,6,medium_straight_narrow_corridor,medium,corridor,Narrow one-cell-wide corridor running straight through the map.,15,INVALID_CONTROLLER,INVALID_CONTROLLER,0,0,0,False,False,False,False,False,same
gpt_pdd_group_a,3,4,7,medium_s_shaped_path,medium,corridor,S-shaped corridor with two forced turns.,20,INVALID_CONTROLLER,INVALID_CONTROLLER,0,0,0,False,False,False,False,False,same
gpt_pdd_group_a,3,4,8,medium_central_obstacle,medium,single_detour,Large central obstacle can be navigated around either side.,20,INVALID_CONTROLLER,INVALID_CONTROLLER,0,0,0,False,False,False,False,False,same
gpt_pdd_group_a,3,4,9,medium_single_valid_detour,medium,single_detour,Direct route is blocked and only one detour gap is available.,18,INVALID_CONTROLLER,INVALID_CONTROLLER,0,0,0,False,False,False,False,False,same
gpt_pdd_group_a,3,4,10,medium_dead_end_corridors,medium,dead_end,Two corridor choices exist; one is a dead end and one reaches the goal.,20,INVALID_CONTROLLER,INVALID_CONTROLLER,0,0,0,False,False,False,False,False,same
gpt_pdd_group_a,3,4,11,hard_maze_one_dead_end,hard,dead_end,Maze-like layout with one dead end before the correct path.,24,INVALID_CONTROLLER,INVALID_CONTROLLER,0,0,0,False,False,False,False,False,same
gpt_pdd_group_a,3,4,12,hard_u_trap_goal,hard,counterintuitive,U-shaped trap in front of the goal requiring the robot to go around.,24,INVALID_CONTROLLER,INVALID_CONTROLLER,0,0,0,False,False,False,False,False,same
gpt_pdd_group_a,3,4,13,hard_long_detour_budget,hard,counterintuitive,Long detour required; naive direct movement exhausts the tight budget.,26,INVALID_CONTROLLER,INVALID_CONTROLLER,0,0,0,False,False,False,False,False,same
gpt_pdd_group_a,3,4,14,hard_two_dead_ends,hard,dead_end,"Two dead ends and one correct path, with the correct route initially counterintuitive.",28,INVALID_CONTROLLER,INVALID_CONTROLLER,0,0,0,False,False,False,False,False,same
gpt_pdd_group_a,3,4,15,hard_move_away_corridor,hard,counterintuitive,Corridor forces the robot to move away from the nearby goal before reaching it.,22,INVALID_CONTROLLER,INVALID_CONTROLLER,0,0,0,False,False,False,False,False,same
gpt_pdd_group_a,4,5,1,easy_open_short_path,easy,straight_line,"Open grid, no obstacles, short path.",20,INVALID_CONTROLLER,INVALID_CONTROLLER,0,0,0,False,False,False,False,False,same
gpt_pdd_group_a,4,5,2,easy_single_obstacle_detour,easy,single_detour,Single obstacle on the direct path requiring one simple detour.,24,INVALID_CONTROLLER,INVALID_CONTROLLER,0,0,0,False,False,False,False,False,same
gpt_pdd_group_a,4,5,3,easy_l_wall_one_turn,easy,single_detour,L-shaped wall forcing a simple route with one major turn.,28,INVALID_CONTROLLER,INVALID_CONTROLLER,0,0,0,False,False,False,False,False,same
gpt_pdd_group_a,4,5,4,easy_corner_goal_blocked,easy,single_detour,Goal is in a corner with one obstacle blocking the most direct route.,26,INVALID_CONTROLLER,INVALID_CONTROLLER,0,0,0,False,False,False,False,False,same
gpt_pdd_group_a,4,5,5,easy_two_isolated_obstacles,easy,single_detour,Slightly longer path with two isolated obstacles on the direct route.,30,INVALID_CONTROLLER,INVALID_CONTROLLER,0,0,0,False,False,False,False,False,same
gpt_pdd_group_a,4,5,6,medium_straight_narrow_corridor,medium,corridor,Narrow one-cell-wide corridor running straight through the map.,15,INVALID_CONTROLLER,INVALID_CONTROLLER,0,0,0,False,False,False,False,False,same
gpt_pdd_group_a,4,5,7,medium_s_shaped_path,medium,corridor,S-shaped corridor with two forced turns.,20,INVALID_CONTROLLER,INVALID_CONTROLLER,0,0,0,False,False,False,False,False,same
gpt_pdd_group_a,4,5,8,medium_central_obstacle,medium,single_detour,Large central obstacle can be navigated around either side.,20,INVALID_CONTROLLER,INVALID_CONTROLLER,0,0,0,False,False,False,False,False,same
gpt_pdd_group_a,4,5,9,medium_single_valid_detour,medium,single_detour,Direct route is blocked and only one detour gap is available.,18,INVALID_CONTROLLER,INVALID_CONTROLLER,0,0,0,False,False,False,False,False,same
gpt_pdd_group_a,4,5,10,medium_dead_end_corridors,medium,dead_end,Two corridor choices exist; one is a dead end and one reaches the goal.,20,INVALID_CONTROLLER,INVALID_CONTROLLER,0,0,0,False,False,False,False,False,same
gpt_pdd_group_a,4,5,11,hard_maze_one_dead_end,hard,dead_end,Maze-like layout with one dead end before the correct path.,24,INVALID_CONTROLLER,INVALID_CONTROLLER,0,0,0,False,False,False,False,False,same
gpt_pdd_group_a,4,5,12,hard_u_trap_goal,hard,counterintuitive,U-shaped trap in front of the goal requiring the robot to go around.,24,INVALID_CONTROLLER,INVALID_CONTROLLER,0,0,0,False,False,False,False,False,same
gpt_pdd_group_a,4,5,13,hard_long_detour_budget,hard,counterintuitive,Long detour required; naive direct movement exhausts the tight budget.,26,INVALID_CONTROLLER,INVALID_CONTROLLER,0,0,0,False,False,False,False,False,same
gpt_pdd_group_a,4,5,14,hard_two_dead_ends,hard,dead_end,"Two dead ends and one correct path, with the correct route initially counterintuitive.",28,INVALID_CONTROLLER,INVALID_CONTROLLER,0,0,0,False,False,False,False,False,same
gpt_pdd_group_a,4,5,15,hard_move_away_corridor,hard,counterintuitive,Corridor forces the robot to move away from the nearby goal before reaching it.,22,INVALID_CONTROLLER,INVALID_CONTROLLER,0,0,0,False,False,False,False,False,same
gpt_pdd_group_a1,1,2,1,easy_open_short_path,easy,straight_line,"Open grid, no obstacles, short path.",20,GOAL_REACHED,GOAL_REACHED,4,4,0,False,False,False,False,False,same
gpt_pdd_group_a1,1,2,2,easy_single_obstacle_detour,easy,single_detour,Single obstacle on the direct path requiring one simple detour.,24,TIMEOUT,TIMEOUT,24,24,0,False,False,False,False,False,same
gpt_pdd_group_a1,1,2,3,easy_l_wall_one_turn,easy,single_detour,L-shaped wall forcing a simple route with one major turn.,28,TIMEOUT,TIMEOUT,28,28,0,False,False,False,False,False,same
gpt_pdd_group_a1,1,2,4,easy_corner_goal_blocked,easy,single_detour,Goal is in a corner with one obstacle blocking the most direct route.,26,TIMEOUT,TIMEOUT,26,26,0,False,False,False,False,False,same
gpt_pdd_group_a1,1,2,5,easy_two_isolated_obstacles,easy,single_detour,Slightly longer path with two isolated obstacles on the direct route.,30,TIMEOUT,TIMEOUT,30,30,0,False,False,False,False,False,same
gpt_pdd_group_a1,1,2,6,medium_straight_narrow_corridor,medium,corridor,Narrow one-cell-wide corridor running straight through the map.,15,GOAL_REACHED,GOAL_REACHED,7,7,0,False,False,False,False,False,same
gpt_pdd_group_a1,1,2,7,medium_s_shaped_path,medium,corridor,S-shaped corridor with two forced turns.,20,TIMEOUT,TIMEOUT,20,20,0,False,False,False,False,False,same
gpt_pdd_group_a1,1,2,8,medium_central_obstacle,medium,single_detour,Large central obstacle can be navigated around either side.,20,TIMEOUT,TIMEOUT,20,20,0,False,False,False,False,False,same
gpt_pdd_group_a1,1,2,9,medium_single_valid_detour,medium,single_detour,Direct route is blocked and only one detour gap is available.,18,TIMEOUT,TIMEOUT,18,18,0,False,False,False,False,False,same
gpt_pdd_group_a1,1,2,10,medium_dead_end_corridors,medium,dead_end,Two corridor choices exist; one is a dead end and one reaches the goal.,20,TIMEOUT,TIMEOUT,20,20,0,False,False,False,False,False,same
gpt_pdd_group_a1,1,2,11,hard_maze_one_dead_end,hard,dead_end,Maze-like layout with one dead end before the correct path.,24,TIMEOUT,TIMEOUT,24,24,0,False,False,False,False,False,same
gpt_pdd_group_a1,1,2,12,hard_u_trap_goal,hard,counterintuitive,U-shaped trap in front of the goal requiring the robot to go around.,24,TIMEOUT,TIMEOUT,24,24,0,False,False,False,False,False,same
gpt_pdd_group_a1,1,2,13,hard_long_detour_budget,hard,counterintuitive,Long detour required; naive direct movement exhausts the tight budget.,26,TIMEOUT,TIMEOUT,26,26,0,False,False,False,False,False,same
gpt_pdd_group_a1,1,2,14,hard_two_dead_ends,hard,dead_end,"Two dead ends and one correct path, with the correct route initially counterintuitive.",28,TIMEOUT,TIMEOUT,28,28,0,False,False,False,False,False,same
gpt_pdd_group_a1,1,2,15,hard_move_away_corridor,hard,counterintuitive,Corridor forces the robot to move away from the nearby goal before reaching it.,22,TIMEOUT,TIMEOUT,22,22,0,False,False,False,False,False,same
gpt_pdd_group_a1,2,3,1,easy_open_short_path,easy,straight_line,"Open grid, no obstacles, short path.",20,GOAL_REACHED,GOAL_REACHED,4,4,0,False,False,False,False,False,same
gpt_pdd_group_a1,2,3,2,easy_single_obstacle_detour,easy,single_detour,Single obstacle on the direct path requiring one simple detour.,24,TIMEOUT,TIMEOUT,24,24,0,False,False,False,False,False,same
gpt_pdd_group_a1,2,3,3,easy_l_wall_one_turn,easy,single_detour,L-shaped wall forcing a simple route with one major turn.,28,TIMEOUT,GOAL_REACHED,28,10,-18,True,True,True,False,True,improvement
gpt_pdd_group_a1,2,3,4,easy_corner_goal_blocked,easy,single_detour,Goal is in a corner with one obstacle blocking the most direct route.,26,TIMEOUT,TIMEOUT,26,26,0,False,False,False,False,False,same
gpt_pdd_group_a1,2,3,5,easy_two_isolated_obstacles,easy,single_detour,Slightly longer path with two isolated obstacles on the direct route.,30,TIMEOUT,TIMEOUT,30,30,0,False,False,False,False,False,same
gpt_pdd_group_a1,2,3,6,medium_straight_narrow_corridor,medium,corridor,Narrow one-cell-wide corridor running straight through the map.,15,GOAL_REACHED,GOAL_REACHED,7,7,0,False,False,False,False,False,same
gpt_pdd_group_a1,2,3,7,medium_s_shaped_path,medium,corridor,S-shaped corridor with two forced turns.,20,TIMEOUT,TIMEOUT,20,20,0,False,False,False,False,False,same
gpt_pdd_group_a1,2,3,8,medium_central_obstacle,medium,single_detour,Large central obstacle can be navigated around either side.,20,TIMEOUT,TIMEOUT,20,20,0,False,False,False,False,False,same
gpt_pdd_group_a1,2,3,9,medium_single_valid_detour,medium,single_detour,Direct route is blocked and only one detour gap is available.,18,TIMEOUT,TIMEOUT,18,18,0,False,False,False,False,False,same
gpt_pdd_group_a1,2,3,10,medium_dead_end_corridors,medium,dead_end,Two corridor choices exist; one is a dead end and one reaches the goal.,20,TIMEOUT,TIMEOUT,20,20,0,False,False,False,False,False,same
gpt_pdd_group_a1,2,3,11,hard_maze_one_dead_end,hard,dead_end,Maze-like layout with one dead end before the correct path.,24,TIMEOUT,GOAL_REACHED,24,13,-11,True,True,True,False,True,improvement
gpt_pdd_group_a1,2,3,12,hard_u_trap_goal,hard,counterintuitive,U-shaped trap in front of the goal requiring the robot to go around.,24,TIMEOUT,TIMEOUT,24,24,0,True,False,False,True,False,drift
gpt_pdd_group_a1,2,3,13,hard_long_detour_budget,hard,counterintuitive,Long detour required; naive direct movement exhausts the tight budget.,26,TIMEOUT,TIMEOUT,26,26,0,False,False,False,False,False,same
gpt_pdd_group_a1,2,3,14,hard_two_dead_ends,hard,dead_end,"Two dead ends and one correct path, with the correct route initially counterintuitive.",28,TIMEOUT,TIMEOUT,28,28,0,False,False,False,False,False,same
gpt_pdd_group_a1,2,3,15,hard_move_away_corridor,hard,counterintuitive,Corridor forces the robot to move away from the nearby goal before reaching it.,22,TIMEOUT,TIMEOUT,22,22,0,False,False,False,False,False,same
gpt_pdd_group_a2,4,5,1,easy_open_short_path,easy,straight_line,"Open grid, no obstacles, short path.",20,INVALID_CONTROLLER,INVALID_CONTROLLER,0,0,0,False,False,False,False,False,same
gpt_pdd_group_a2,4,5,2,easy_single_obstacle_detour,easy,single_detour,Single obstacle on the direct path requiring one simple detour.,24,INVALID_CONTROLLER,INVALID_CONTROLLER,0,0,0,False,False,False,False,False,same
gpt_pdd_group_a2,4,5,3,easy_l_wall_one_turn,easy,single_detour,L-shaped wall forcing a simple route with one major turn.,28,INVALID_CONTROLLER,INVALID_CONTROLLER,0,0,0,False,False,False,False,False,same
gpt_pdd_group_a2,4,5,4,easy_corner_goal_blocked,easy,single_detour,Goal is in a corner with one obstacle blocking the most direct route.,26,INVALID_CONTROLLER,INVALID_CONTROLLER,0,0,0,False,False,False,False,False,same
gpt_pdd_group_a2,4,5,5,easy_two_isolated_obstacles,easy,single_detour,Slightly longer path with two isolated obstacles on the direct route.,30,INVALID_CONTROLLER,INVALID_CONTROLLER,0,0,0,False,False,False,False,False,same
gpt_pdd_group_a2,4,5,6,medium_straight_narrow_corridor,medium,corridor,Narrow one-cell-wide corridor running straight through the map.,15,INVALID_CONTROLLER,INVALID_CONTROLLER,0,0,0,False,False,False,False,False,same
gpt_pdd_group_a2,4,5,7,medium_s_shaped_path,medium,corridor,S-shaped corridor with two forced turns.,20,INVALID_CONTROLLER,INVALID_CONTROLLER,0,0,0,False,False,False,False,False,same
gpt_pdd_group_a2,4,5,8,medium_central_obstacle,medium,single_detour,Large central obstacle can be navigated around either side.,20,INVALID_CONTROLLER,INVALID_CONTROLLER,0,0,0,False,False,False,False,False,same
gpt_pdd_group_a2,4,5,9,medium_single_valid_detour,medium,single_detour,Direct route is blocked and only one detour gap is available.,18,INVALID_CONTROLLER,INVALID_CONTROLLER,0,0,0,False,False,False,False,False,same
gpt_pdd_group_a2,4,5,10,medium_dead_end_corridors,medium,dead_end,Two corridor choices exist; one is a dead end and one reaches the goal.,20,INVALID_CONTROLLER,INVALID_CONTROLLER,0,0,0,False,False,False,False,False,same
gpt_pdd_group_a2,4,5,11,hard_maze_one_dead_end,hard,dead_end,Maze-like layout with one dead end before the correct path.,24,INVALID_CONTROLLER,INVALID_CONTROLLER,0,0,0,False,False,False,False,False,same
gpt_pdd_group_a2,4,5,12,hard_u_trap_goal,hard,counterintuitive,U-shaped trap in front of the goal requiring the robot to go around.,24,INVALID_CONTROLLER,INVALID_CONTROLLER,0,0,0,False,False,False,False,False,same
gpt_pdd_group_a2,4,5,13,hard_long_detour_budget,hard,counterintuitive,Long detour required; naive direct movement exhausts the tight budget.,26,INVALID_CONTROLLER,INVALID_CONTROLLER,0,0,0,False,False,False,False,False,same
gpt_pdd_group_a2,4,5,14,hard_two_dead_ends,hard,dead_end,"Two dead ends and one correct path, with the correct route initially counterintuitive.",28,INVALID_CONTROLLER,INVALID_CONTROLLER,0,0,0,False,False,False,False,False,same
gpt_pdd_group_a2,4,5,15,hard_move_away_corridor,hard,counterintuitive,Corridor forces the robot to move away from the nearby goal before reaching it.,22,INVALID_CONTROLLER,INVALID_CONTROLLER,0,0,0,False,False,False,False,False,same
gpt_pdd_group_a3,6,7,1,easy_open_short_path,easy,straight_line,"Open grid, no obstacles, short path.",20,GOAL_REACHED,GOAL_REACHED,4,4,0,False,False,False,False,False,same
gpt_pdd_group_a3,6,7,2,easy_single_obstacle_detour,easy,single_detour,Single obstacle on the direct path requiring one simple detour.,24,TIMEOUT,TIMEOUT,24,24,0,False,False,False,False,False,same
gpt_pdd_group_a3,6,7,3,easy_l_wall_one_turn,easy,single_detour,L-shaped wall forcing a simple route with one major turn.,28,TIMEOUT,TIMEOUT,28,28,0,False,False,False,False,False,same
gpt_pdd_group_a3,6,7,4,easy_corner_goal_blocked,easy,single_detour,Goal is in a corner with one obstacle blocking the most direct route.,26,TIMEOUT,TIMEOUT,26,26,0,False,False,False,False,False,same
gpt_pdd_group_a3,6,7,5,easy_two_isolated_obstacles,easy,single_detour,Slightly longer path with two isolated obstacles on the direct route.,30,TIMEOUT,TIMEOUT,30,30,0,False,False,False,False,False,same
gpt_pdd_group_a3,6,7,6,medium_straight_narrow_corridor,medium,corridor,Narrow one-cell-wide corridor running straight through the map.,15,GOAL_REACHED,GOAL_REACHED,7,7,0,False,False,False,False,False,same
gpt_pdd_group_a3,6,7,7,medium_s_shaped_path,medium,corridor,S-shaped corridor with two forced turns.,20,TIMEOUT,TIMEOUT,20,20,0,False,False,False,False,False,same
gpt_pdd_group_a3,6,7,8,medium_central_obstacle,medium,single_detour,Large central obstacle can be navigated around either side.,20,TIMEOUT,TIMEOUT,20,20,0,False,False,False,False,False,same
gpt_pdd_group_a3,6,7,9,medium_single_valid_detour,medium,single_detour,Direct route is blocked and only one detour gap is available.,18,TIMEOUT,TIMEOUT,18,18,0,False,False,False,False,False,same
gpt_pdd_group_a3,6,7,10,medium_dead_end_corridors,medium,dead_end,Two corridor choices exist; one is a dead end and one reaches the goal.,20,TIMEOUT,TIMEOUT,20,20,0,False,False,False,False,False,same
gpt_pdd_group_a3,6,7,11,hard_maze_one_dead_end,hard,dead_end,Maze-like layout with one dead end before the correct path.,24,TIMEOUT,TIMEOUT,24,24,0,False,False,False,False,False,same
gpt_pdd_group_a3,6,7,12,hard_u_trap_goal,hard,counterintuitive,U-shaped trap in front of the goal requiring the robot to go around.,24,TIMEOUT,TIMEOUT,24,24,0,False,False,False,False,False,same
gpt_pdd_group_a3,6,7,13,hard_long_detour_budget,hard,counterintuitive,Long detour required; naive direct movement exhausts the tight budget.,26,TIMEOUT,TIMEOUT,26,26,0,False,False,False,False,False,same
gpt_pdd_group_a3,6,7,14,hard_two_dead_ends,hard,dead_end,"Two dead ends and one correct path, with the correct route initially counterintuitive.",28,TIMEOUT,TIMEOUT,28,28,0,False,False,False,False,False,same
gpt_pdd_group_a3,6,7,15,hard_move_away_corridor,hard,counterintuitive,Corridor forces the robot to move away from the nearby goal before reaching it.,22,TIMEOUT,TIMEOUT,22,22,0,False,False,False,False,False,same
gpt_pdd_group_b1,1,2,1,easy_open_short_path,easy,straight_line,"Open grid, no obstacles, short path.",20,INVALID_CONTROLLER,GOAL_REACHED,0,4,4,False,True,True,False,True,improvement
gpt_pdd_group_b1,1,2,2,easy_single_obstacle_detour,easy,single_detour,Single obstacle on the direct path requiring one simple detour.,24,INVALID_CONTROLLER,TIMEOUT,0,24,24,False,True,True,False,True,improvement
gpt_pdd_group_b1,1,2,3,easy_l_wall_one_turn,easy,single_detour,L-shaped wall forcing a simple route with one major turn.,28,INVALID_CONTROLLER,TIMEOUT,0,28,28,False,True,True,False,True,improvement
gpt_pdd_group_b1,1,2,4,easy_corner_goal_blocked,easy,single_detour,Goal is in a corner with one obstacle blocking the most direct route.,26,INVALID_CONTROLLER,GOAL_REACHED,0,16,16,False,True,True,False,True,improvement
gpt_pdd_group_b1,1,2,5,easy_two_isolated_obstacles,easy,single_detour,Slightly longer path with two isolated obstacles on the direct route.,30,INVALID_CONTROLLER,TIMEOUT,0,30,30,False,True,True,False,True,improvement
gpt_pdd_group_b1,1,2,6,medium_straight_narrow_corridor,medium,corridor,Narrow one-cell-wide corridor running straight through the map.,15,INVALID_CONTROLLER,GOAL_REACHED,0,7,7,False,True,True,False,True,improvement
gpt_pdd_group_b1,1,2,7,medium_s_shaped_path,medium,corridor,S-shaped corridor with two forced turns.,20,INVALID_CONTROLLER,TIMEOUT,0,20,20,False,True,True,False,True,improvement
gpt_pdd_group_b1,1,2,8,medium_central_obstacle,medium,single_detour,Large central obstacle can be navigated around either side.,20,INVALID_CONTROLLER,TIMEOUT,0,20,20,False,True,True,False,True,improvement
gpt_pdd_group_b1,1,2,9,medium_single_valid_detour,medium,single_detour,Direct route is blocked and only one detour gap is available.,18,INVALID_CONTROLLER,TIMEOUT,0,18,18,False,True,True,False,True,improvement
gpt_pdd_group_b1,1,2,10,medium_dead_end_corridors,medium,dead_end,Two corridor choices exist; one is a dead end and one reaches the goal.,20,INVALID_CONTROLLER,TIMEOUT,0,20,20,False,True,True,False,True,improvement
gpt_pdd_group_b1,1,2,11,hard_maze_one_dead_end,hard,dead_end,Maze-like layout with one dead end before the correct path.,24,INVALID_CONTROLLER,TIMEOUT,0,24,24,False,True,True,False,True,improvement
gpt_pdd_group_b1,1,2,12,hard_u_trap_goal,hard,counterintuitive,U-shaped trap in front of the goal requiring the robot to go around.,24,INVALID_CONTROLLER,TIMEOUT,0,24,24,False,True,True,False,True,improvement
gpt_pdd_group_b1,1,2,13,hard_long_detour_budget,hard,counterintuitive,Long detour required; naive direct movement exhausts the tight budget.,26,INVALID_CONTROLLER,TIMEOUT,0,26,26,False,True,True,False,True,improvement
gpt_pdd_group_b1,1,2,14,hard_two_dead_ends,hard,dead_end,"Two dead ends and one correct path, with the correct route initially counterintuitive.",28,INVALID_CONTROLLER,TIMEOUT,0,28,28,False,True,True,False,True,improvement
gpt_pdd_group_b1,1,2,15,hard_move_away_corridor,hard,counterintuitive,Corridor forces the robot to move away from the nearby goal before reaching it.,22,INVALID_CONTROLLER,TIMEOUT,0,22,22,False,True,True,False,True,improvement
gpt_pdd_group_b1,2,3,1,easy_open_short_path,easy,straight_line,"Open grid, no obstacles, short path.",20,GOAL_REACHED,GOAL_REACHED,4,4,0,False,False,False,False,False,same
gpt_pdd_group_b1,2,3,2,easy_single_obstacle_detour,easy,single_detour,Single obstacle on the direct path requiring one simple detour.,24,TIMEOUT,TIMEOUT,24,24,0,False,False,False,False,False,same
gpt_pdd_group_b1,2,3,3,easy_l_wall_one_turn,easy,single_detour,L-shaped wall forcing a simple route with one major turn.,28,TIMEOUT,TIMEOUT,28,28,0,False,False,False,False,False,same
gpt_pdd_group_b1,2,3,4,easy_corner_goal_blocked,easy,single_detour,Goal is in a corner with one obstacle blocking the most direct route.,26,GOAL_REACHED,GOAL_REACHED,16,16,0,False,False,False,False,False,same
gpt_pdd_group_b1,2,3,5,easy_two_isolated_obstacles,easy,single_detour,Slightly longer path with two isolated obstacles on the direct route.,30,TIMEOUT,TIMEOUT,30,30,0,False,False,False,False,False,same
gpt_pdd_group_b1,2,3,6,medium_straight_narrow_corridor,medium,corridor,Narrow one-cell-wide corridor running straight through the map.,15,GOAL_REACHED,GOAL_REACHED,7,7,0,False,False,False,False,False,same
gpt_pdd_group_b1,2,3,7,medium_s_shaped_path,medium,corridor,S-shaped corridor with two forced turns.,20,TIMEOUT,TIMEOUT,20,20,0,False,False,False,False,False,same
gpt_pdd_group_b1,2,3,8,medium_central_obstacle,medium,single_detour,Large central obstacle can be navigated around either side.,20,TIMEOUT,TIMEOUT,20,20,0,False,False,False,False,False,same
gpt_pdd_group_b1,2,3,9,medium_single_valid_detour,medium,single_detour,Direct route is blocked and only one detour gap is available.,18,TIMEOUT,TIMEOUT,18,18,0,False,False,False,False,False,same
gpt_pdd_group_b1,2,3,10,medium_dead_end_corridors,medium,dead_end,Two corridor choices exist; one is a dead end and one reaches the goal.,20,TIMEOUT,TIMEOUT,20,20,0,False,False,False,False,False,same
gpt_pdd_group_b1,2,3,11,hard_maze_one_dead_end,hard,dead_end,Maze-like layout with one dead end before the correct path.,24,TIMEOUT,TIMEOUT,24,24,0,False,False,False,False,False,same
gpt_pdd_group_b1,2,3,12,hard_u_trap_goal,hard,counterintuitive,U-shaped trap in front of the goal requiring the robot to go around.,24,TIMEOUT,TIMEOUT,24,24,0,False,False,False,False,False,same
gpt_pdd_group_b1,2,3,13,hard_long_detour_budget,hard,counterintuitive,Long detour required; naive direct movement exhausts the tight budget.,26,TIMEOUT,TIMEOUT,26,26,0,False,False,False,False,False,same
gpt_pdd_group_b1,2,3,14,hard_two_dead_ends,hard,dead_end,"Two dead ends and one correct path, with the correct route initially counterintuitive.",28,TIMEOUT,TIMEOUT,28,28,0,False,False,False,False,False,same
gpt_pdd_group_b1,2,3,15,hard_move_away_corridor,hard,counterintuitive,Corridor forces the robot to move away from the nearby goal before reaching it.,22,TIMEOUT,TIMEOUT,22,22,0,False,False,False,False,False,same
gpt_pdd_group_b1,3,4,1,easy_open_short_path,easy,straight_line,"Open grid, no obstacles, short path.",20,GOAL_REACHED,GOAL_REACHED,4,4,0,False,False,False,False,False,same
gpt_pdd_group_b1,3,4,2,easy_single_obstacle_detour,easy,single_detour,Single obstacle on the direct path requiring one simple detour.,24,TIMEOUT,TIMEOUT,24,24,0,False,False,False,False,False,same
gpt_pdd_group_b1,3,4,3,easy_l_wall_one_turn,easy,single_detour,L-shaped wall forcing a simple route with one major turn.,28,TIMEOUT,TIMEOUT,28,28,0,False,False,False,False,False,same
gpt_pdd_group_b1,3,4,4,easy_corner_goal_blocked,easy,single_detour,Goal is in a corner with one obstacle blocking the most direct route.,26,GOAL_REACHED,GOAL_REACHED,16,16,0,False,False,False,False,False,same
gpt_pdd_group_b1,3,4,5,easy_two_isolated_obstacles,easy,single_detour,Slightly longer path with two isolated obstacles on the direct route.,30,TIMEOUT,TIMEOUT,30,30,0,False,False,False,False,False,same
gpt_pdd_group_b1,3,4,6,medium_straight_narrow_corridor,medium,corridor,Narrow one-cell-wide corridor running straight through the map.,15,GOAL_REACHED,GOAL_REACHED,7,7,0,False,False,False,False,False,same
gpt_pdd_group_b1,3,4,7,medium_s_shaped_path,medium,corridor,S-shaped corridor with two forced turns.,20,TIMEOUT,TIMEOUT,20,20,0,False,False,False,False,False,same
gpt_pdd_group_b1,3,4,8,medium_central_obstacle,medium,single_detour,Large central obstacle can be navigated around either side.,20,TIMEOUT,TIMEOUT,20,20,0,False,False,False,False,False,same
gpt_pdd_group_b1,3,4,9,medium_single_valid_detour,medium,single_detour,Direct route is blocked and only one detour gap is available.,18,TIMEOUT,TIMEOUT,18,18,0,False,False,False,False,False,same
gpt_pdd_group_b1,3,4,10,medium_dead_end_corridors,medium,dead_end,Two corridor choices exist; one is a dead end and one reaches the goal.,20,TIMEOUT,TIMEOUT,20,20,0,False,False,False,False,False,same
gpt_pdd_group_b1,3,4,11,hard_maze_one_dead_end,hard,dead_end,Maze-like layout with one dead end before the correct path.,24,TIMEOUT,TIMEOUT,24,24,0,False,False,False,False,False,same
gpt_pdd_group_b1,3,4,12,hard_u_trap_goal,hard,counterintuitive,U-shaped trap in front of the goal requiring the robot to go around.,24,TIMEOUT,TIMEOUT,24,24,0,False,False,False,False,False,same
gpt_pdd_group_b1,3,4,13,hard_long_detour_budget,hard,counterintuitive,Long detour required; naive direct movement exhausts the tight budget.,26,TIMEOUT,TIMEOUT,26,26,0,False,False,False,False,False,same
gpt_pdd_group_b1,3,4,14,hard_two_dead_ends,hard,dead_end,"Two dead ends and one correct path, with the correct route initially counterintuitive.",28,TIMEOUT,TIMEOUT,28,28,0,False,False,False,False,False,same
gpt_pdd_group_b1,3,4,15,hard_move_away_corridor,hard,counterintuitive,Corridor forces the robot to move away from the nearby goal before reaching it.,22,TIMEOUT,TIMEOUT,22,22,0,False,False,False,False,False,same
gpt_pdd_group_b1,4,5,1,easy_open_short_path,easy,straight_line,"Open grid, no obstacles, short path.",20,GOAL_REACHED,GOAL_REACHED,4,4,0,False,False,False,False,False,same
gpt_pdd_group_b1,4,5,2,easy_single_obstacle_detour,easy,single_detour,Single obstacle on the direct path requiring one simple detour.,24,TIMEOUT,TIMEOUT,24,24,0,False,False,False,False,False,same
gpt_pdd_group_b1,4,5,3,easy_l_wall_one_turn,easy,single_detour,L-shaped wall forcing a simple route with one major turn.,28,TIMEOUT,TIMEOUT,28,28,0,False,False,False,False,False,same
gpt_pdd_group_b1,4,5,4,easy_corner_goal_blocked,easy,single_detour,Goal is in a corner with one obstacle blocking the most direct route.,26,GOAL_REACHED,GOAL_REACHED,16,16,0,False,False,False,False,False,same
gpt_pdd_group_b1,4,5,5,easy_two_isolated_obstacles,easy,single_detour,Slightly longer path with two isolated obstacles on the direct route.,30,TIMEOUT,TIMEOUT,30,30,0,False,False,False,False,False,same
gpt_pdd_group_b1,4,5,6,medium_straight_narrow_corridor,medium,corridor,Narrow one-cell-wide corridor running straight through the map.,15,GOAL_REACHED,GOAL_REACHED,7,7,0,False,False,False,False,False,same
gpt_pdd_group_b1,4,5,7,medium_s_shaped_path,medium,corridor,S-shaped corridor with two forced turns.,20,TIMEOUT,TIMEOUT,20,20,0,False,False,False,False,False,same
gpt_pdd_group_b1,4,5,8,medium_central_obstacle,medium,single_detour,Large central obstacle can be navigated around either side.,20,TIMEOUT,TIMEOUT,20,20,0,False,False,False,False,False,same
gpt_pdd_group_b1,4,5,9,medium_single_valid_detour,medium,single_detour,Direct route is blocked and only one detour gap is available.,18,TIMEOUT,TIMEOUT,18,18,0,False,False,False,False,False,same
gpt_pdd_group_b1,4,5,10,medium_dead_end_corridors,medium,dead_end,Two corridor choices exist; one is a dead end and one reaches the goal.,20,TIMEOUT,TIMEOUT,20,20,0,False,False,False,False,False,same
gpt_pdd_group_b1,4,5,11,hard_maze_one_dead_end,hard,dead_end,Maze-like layout with one dead end before the correct path.,24,TIMEOUT,TIMEOUT,24,24,0,False,False,False,False,False,same
gpt_pdd_group_b1,4,5,12,hard_u_trap_goal,hard,counterintuitive,U-shaped trap in front of the goal requiring the robot to go around.,24,TIMEOUT,TIMEOUT,24,24,0,False,False,False,False,False,same
gpt_pdd_group_b1,4,5,13,hard_long_detour_budget,hard,counterintuitive,Long detour required; naive direct movement exhausts the tight budget.,26,TIMEOUT,TIMEOUT,26,26,0,False,False,False,False,False,same
gpt_pdd_group_b1,4,5,14,hard_two_dead_ends,hard,dead_end,"Two dead ends and one correct path, with the correct route initially counterintuitive.",28,TIMEOUT,TIMEOUT,28,28,0,False,False,False,False,False,same
gpt_pdd_group_b1,4,5,15,hard_move_away_corridor,hard,counterintuitive,Corridor forces the robot to move away from the nearby goal before reaching it.,22,TIMEOUT,TIMEOUT,22,22,0,False,False,False,False,False,same
gpt_pdd_group_b1,5,6,1,easy_open_short_path,easy,straight_line,"Open grid, no obstacles, short path.",20,GOAL_REACHED,GOAL_REACHED,4,4,0,False,False,False,False,False,same
gpt_pdd_group_b1,5,6,2,easy_single_obstacle_detour,easy,single_detour,Single obstacle on the direct path requiring one simple detour.,24,TIMEOUT,TIMEOUT,24,24,0,False,False,False,False,False,same
gpt_pdd_group_b1,5,6,3,easy_l_wall_one_turn,easy,single_detour,L-shaped wall forcing a simple route with one major turn.,28,TIMEOUT,GOAL_REACHED,28,10,-18,True,True,True,False,True,improvement
gpt_pdd_group_b1,5,6,4,easy_corner_goal_blocked,easy,single_detour,Goal is in a corner with one obstacle blocking the most direct route.,26,GOAL_REACHED,TIMEOUT,16,26,10,True,True,True,False,True,regression
gpt_pdd_group_b1,5,6,5,easy_two_isolated_obstacles,easy,single_detour,Slightly longer path with two isolated obstacles on the direct route.,30,TIMEOUT,TIMEOUT,30,30,0,False,False,False,False,False,same
gpt_pdd_group_b1,5,6,6,medium_straight_narrow_corridor,medium,corridor,Narrow one-cell-wide corridor running straight through the map.,15,GOAL_REACHED,GOAL_REACHED,7,7,0,False,False,False,False,False,same
gpt_pdd_group_b1,5,6,7,medium_s_shaped_path,medium,corridor,S-shaped corridor with two forced turns.,20,TIMEOUT,TIMEOUT,20,20,0,True,False,False,True,False,drift
gpt_pdd_group_b1,5,6,8,medium_central_obstacle,medium,single_detour,Large central obstacle can be navigated around either side.,20,TIMEOUT,TIMEOUT,20,20,0,False,False,False,False,False,same
gpt_pdd_group_b1,5,6,9,medium_single_valid_detour,medium,single_detour,Direct route is blocked and only one detour gap is available.,18,TIMEOUT,TIMEOUT,18,18,0,False,False,False,False,False,same
gpt_pdd_group_b1,5,6,10,medium_dead_end_corridors,medium,dead_end,Two corridor choices exist; one is a dead end and one reaches the goal.,20,TIMEOUT,TIMEOUT,20,20,0,False,False,False,False,False,same
gpt_pdd_group_b1,5,6,11,hard_maze_one_dead_end,hard,dead_end,Maze-like layout with one dead end before the correct path.,24,TIMEOUT,GOAL_REACHED,24,13,-11,True,True,True,False,True,improvement
gpt_pdd_group_b1,5,6,12,hard_u_trap_goal,hard,counterintuitive,U-shaped trap in front of the goal requiring the robot to go around.,24,TIMEOUT,TIMEOUT,24,24,0,True,False,False,True,False,drift
gpt_pdd_group_b1,5,6,13,hard_long_detour_budget,hard,counterintuitive,Long detour required; naive direct movement exhausts the tight budget.,26,TIMEOUT,TIMEOUT,26,26,0,False,False,False,False,False,same
gpt_pdd_group_b1,5,6,14,hard_two_dead_ends,hard,dead_end,"Two dead ends and one correct path, with the correct route initially counterintuitive.",28,TIMEOUT,TIMEOUT,28,28,0,False,False,False,False,False,same
gpt_pdd_group_b1,5,6,15,hard_move_away_corridor,hard,counterintuitive,Corridor forces the robot to move away from the nearby goal before reaching it.,22,TIMEOUT,TIMEOUT,22,22,0,False,False,False,False,False,same
gpt_pdd_group_b1,6,7,1,easy_open_short_path,easy,straight_line,"Open grid, no obstacles, short path.",20,GOAL_REACHED,GOAL_REACHED,4,4,0,False,False,False,False,False,same
gpt_pdd_group_b1,6,7,2,easy_single_obstacle_detour,easy,single_detour,Single obstacle on the direct path requiring one simple detour.,24,TIMEOUT,TIMEOUT,24,24,0,False,False,False,False,False,same
gpt_pdd_group_b1,6,7,3,easy_l_wall_one_turn,easy,single_detour,L-shaped wall forcing a simple route with one major turn.,28,GOAL_REACHED,GOAL_REACHED,10,10,0,False,False,False,False,False,same
gpt_pdd_group_b1,6,7,4,easy_corner_goal_blocked,easy,single_detour,Goal is in a corner with one obstacle blocking the most direct route.,26,TIMEOUT,TIMEOUT,26,26,0,False,False,False,False,False,same
gpt_pdd_group_b1,6,7,5,easy_two_isolated_obstacles,easy,single_detour,Slightly longer path with two isolated obstacles on the direct route.,30,TIMEOUT,TIMEOUT,30,30,0,False,False,False,False,False,same
gpt_pdd_group_b1,6,7,6,medium_straight_narrow_corridor,medium,corridor,Narrow one-cell-wide corridor running straight through the map.,15,GOAL_REACHED,GOAL_REACHED,7,7,0,False,False,False,False,False,same
gpt_pdd_group_b1,6,7,7,medium_s_shaped_path,medium,corridor,S-shaped corridor with two forced turns.,20,TIMEOUT,TIMEOUT,20,20,0,False,False,False,False,False,same
gpt_pdd_group_b1,6,7,8,medium_central_obstacle,medium,single_detour,Large central obstacle can be navigated around either side.,20,TIMEOUT,TIMEOUT,20,20,0,False,False,False,False,False,same
gpt_pdd_group_b1,6,7,9,medium_single_valid_detour,medium,single_detour,Direct route is blocked and only one detour gap is available.,18,TIMEOUT,TIMEOUT,18,18,0,False,False,False,False,False,same
gpt_pdd_group_b1,6,7,10,medium_dead_end_corridors,medium,dead_end,Two corridor choices exist; one is a dead end and one reaches the goal.,20,TIMEOUT,TIMEOUT,20,20,0,False,False,False,False,False,same
gpt_pdd_group_b1,6,7,11,hard_maze_one_dead_end,hard,dead_end,Maze-like layout with one dead end before the correct path.,24,GOAL_REACHED,TIMEOUT,13,24,11,True,True,True,False,True,regression
gpt_pdd_group_b1,6,7,12,hard_u_trap_goal,hard,counterintuitive,U-shaped trap in front of the goal requiring the robot to go around.,24,TIMEOUT,TIMEOUT,24,24,0,False,False,False,False,False,same
gpt_pdd_group_b1,6,7,13,hard_long_detour_budget,hard,counterintuitive,Long detour required; naive direct movement exhausts the tight budget.,26,TIMEOUT,TIMEOUT,26,26,0,True,False,False,True,False,drift
gpt_pdd_group_b1,6,7,14,hard_two_dead_ends,hard,dead_end,"Two dead ends and one correct path, with the correct route initially counterintuitive.",28,TIMEOUT,TIMEOUT,28,28,0,True,False,False,True,False,drift
gpt_pdd_group_b1,6,7,15,hard_move_away_corridor,hard,counterintuitive,Corridor forces the robot to move away from the nearby goal before reaching it.,22,TIMEOUT,TIMEOUT,22,22,0,True,False,False,True,False,drift
gpt_pdd_group_b1,7,8,1,easy_open_short_path,easy,straight_line,"Open grid, no obstacles, short path.",20,GOAL_REACHED,GOAL_REACHED,4,4,0,False,False,False,False,False,same
gpt_pdd_group_b1,7,8,2,easy_single_obstacle_detour,easy,single_detour,Single obstacle on the direct path requiring one simple detour.,24,TIMEOUT,TIMEOUT,24,24,0,False,False,False,False,False,same
gpt_pdd_group_b1,7,8,3,easy_l_wall_one_turn,easy,single_detour,L-shaped wall forcing a simple route with one major turn.,28,GOAL_REACHED,GOAL_REACHED,10,10,0,False,False,False,False,False,same
gpt_pdd_group_b1,7,8,4,easy_corner_goal_blocked,easy,single_detour,Goal is in a corner with one obstacle blocking the most direct route.,26,TIMEOUT,TIMEOUT,26,26,0,False,False,False,False,False,same
gpt_pdd_group_b1,7,8,5,easy_two_isolated_obstacles,easy,single_detour,Slightly longer path with two isolated obstacles on the direct route.,30,TIMEOUT,TIMEOUT,30,30,0,False,False,False,False,False,same
gpt_pdd_group_b1,7,8,6,medium_straight_narrow_corridor,medium,corridor,Narrow one-cell-wide corridor running straight through the map.,15,GOAL_REACHED,GOAL_REACHED,7,7,0,False,False,False,False,False,same
gpt_pdd_group_b1,7,8,7,medium_s_shaped_path,medium,corridor,S-shaped corridor with two forced turns.,20,TIMEOUT,TIMEOUT,20,20,0,False,False,False,False,False,same
gpt_pdd_group_b1,7,8,8,medium_central_obstacle,medium,single_detour,Large central obstacle can be navigated around either side.,20,TIMEOUT,TIMEOUT,20,20,0,False,False,False,False,False,same
gpt_pdd_group_b1,7,8,9,medium_single_valid_detour,medium,single_detour,Direct route is blocked and only one detour gap is available.,18,TIMEOUT,TIMEOUT,18,18,0,False,False,False,False,False,same
gpt_pdd_group_b1,7,8,10,medium_dead_end_corridors,medium,dead_end,Two corridor choices exist; one is a dead end and one reaches the goal.,20,TIMEOUT,TIMEOUT,20,20,0,False,False,False,False,False,same
gpt_pdd_group_b1,7,8,11,hard_maze_one_dead_end,hard,dead_end,Maze-like layout with one dead end before the correct path.,24,TIMEOUT,GOAL_REACHED,24,13,-11,True,True,True,False,True,improvement
gpt_pdd_group_b1,7,8,12,hard_u_trap_goal,hard,counterintuitive,U-shaped trap in front of the goal requiring the robot to go around.,24,TIMEOUT,TIMEOUT,24,24,0,True,False,False,True,False,drift
gpt_pdd_group_b1,7,8,13,hard_long_detour_budget,hard,counterintuitive,Long detour required; naive direct movement exhausts the tight budget.,26,TIMEOUT,TIMEOUT,26,26,0,True,False,False,True,False,drift
gpt_pdd_group_b1,7,8,14,hard_two_dead_ends,hard,dead_end,"Two dead ends and one correct path, with the correct route initially counterintuitive.",28,TIMEOUT,TIMEOUT,28,28,0,True,False,False,True,False,drift
gpt_pdd_group_b1,7,8,15,hard_move_away_corridor,hard,counterintuitive,Corridor forces the robot to move away from the nearby goal before reaching it.,22,TIMEOUT,TIMEOUT,22,22,0,True,False,False,True,False,drift
gpt_pdd_group_b2,1,2,1,easy_open_short_path,easy,straight_line,"Open grid, no obstacles, short path.",20,INVALID_CONTROLLER,GOAL_REACHED,0,4,4,False,True,True,False,True,improvement
gpt_pdd_group_b2,1,2,2,easy_single_obstacle_detour,easy,single_detour,Single obstacle on the direct path requiring one simple detour.,24,INVALID_CONTROLLER,TIMEOUT,0,24,24,False,True,True,False,True,improvement
gpt_pdd_group_b2,1,2,3,easy_l_wall_one_turn,easy,single_detour,L-shaped wall forcing a simple route with one major turn.,28,INVALID_CONTROLLER,TIMEOUT,0,28,28,False,True,True,False,True,improvement
gpt_pdd_group_b2,1,2,4,easy_corner_goal_blocked,easy,single_detour,Goal is in a corner with one obstacle blocking the most direct route.,26,INVALID_CONTROLLER,TIMEOUT,0,26,26,False,True,True,False,True,improvement
gpt_pdd_group_b2,1,2,5,easy_two_isolated_obstacles,easy,single_detour,Slightly longer path with two isolated obstacles on the direct route.,30,INVALID_CONTROLLER,TIMEOUT,0,30,30,False,True,True,False,True,improvement
gpt_pdd_group_b2,1,2,6,medium_straight_narrow_corridor,medium,corridor,Narrow one-cell-wide corridor running straight through the map.,15,INVALID_CONTROLLER,GOAL_REACHED,0,7,7,False,True,True,False,True,improvement
gpt_pdd_group_b2,1,2,7,medium_s_shaped_path,medium,corridor,S-shaped corridor with two forced turns.,20,INVALID_CONTROLLER,TIMEOUT,0,20,20,False,True,True,False,True,improvement
gpt_pdd_group_b2,1,2,8,medium_central_obstacle,medium,single_detour,Large central obstacle can be navigated around either side.,20,INVALID_CONTROLLER,TIMEOUT,0,20,20,False,True,True,False,True,improvement
gpt_pdd_group_b2,1,2,9,medium_single_valid_detour,medium,single_detour,Direct route is blocked and only one detour gap is available.,18,INVALID_CONTROLLER,TIMEOUT,0,18,18,False,True,True,False,True,improvement
gpt_pdd_group_b2,1,2,10,medium_dead_end_corridors,medium,dead_end,Two corridor choices exist; one is a dead end and one reaches the goal.,20,INVALID_CONTROLLER,TIMEOUT,0,20,20,False,True,True,False,True,improvement
gpt_pdd_group_b2,1,2,11,hard_maze_one_dead_end,hard,dead_end,Maze-like layout with one dead end before the correct path.,24,INVALID_CONTROLLER,TIMEOUT,0,24,24,False,True,True,False,True,improvement
gpt_pdd_group_b2,1,2,12,hard_u_trap_goal,hard,counterintuitive,U-shaped trap in front of the goal requiring the robot to go around.,24,INVALID_CONTROLLER,TIMEOUT,0,24,24,False,True,True,False,True,improvement
gpt_pdd_group_b2,1,2,13,hard_long_detour_budget,hard,counterintuitive,Long detour required; naive direct movement exhausts the tight budget.,26,INVALID_CONTROLLER,TIMEOUT,0,26,26,False,True,True,False,True,improvement
gpt_pdd_group_b2,1,2,14,hard_two_dead_ends,hard,dead_end,"Two dead ends and one correct path, with the correct route initially counterintuitive.",28,INVALID_CONTROLLER,TIMEOUT,0,28,28,False,True,True,False,True,improvement
gpt_pdd_group_b2,1,2,15,hard_move_away_corridor,hard,counterintuitive,Corridor forces the robot to move away from the nearby goal before reaching it.,22,INVALID_CONTROLLER,TIMEOUT,0,22,22,False,True,True,False,True,improvement
gpt_pdd_group_b2,2,3,1,easy_open_short_path,easy,straight_line,"Open grid, no obstacles, short path.",20,GOAL_REACHED,GOAL_REACHED,4,4,0,False,False,False,False,False,same
gpt_pdd_group_b2,2,3,2,easy_single_obstacle_detour,easy,single_detour,Single obstacle on the direct path requiring one simple detour.,24,TIMEOUT,TIMEOUT,24,24,0,False,False,False,False,False,same
gpt_pdd_group_b2,2,3,3,easy_l_wall_one_turn,easy,single_detour,L-shaped wall forcing a simple route with one major turn.,28,TIMEOUT,TIMEOUT,28,28,0,False,False,False,False,False,same
gpt_pdd_group_b2,2,3,4,easy_corner_goal_blocked,easy,single_detour,Goal is in a corner with one obstacle blocking the most direct route.,26,TIMEOUT,TIMEOUT,26,26,0,False,False,False,False,False,same
gpt_pdd_group_b2,2,3,5,easy_two_isolated_obstacles,easy,single_detour,Slightly longer path with two isolated obstacles on the direct route.,30,TIMEOUT,TIMEOUT,30,30,0,False,False,False,False,False,same
gpt_pdd_group_b2,2,3,6,medium_straight_narrow_corridor,medium,corridor,Narrow one-cell-wide corridor running straight through the map.,15,GOAL_REACHED,GOAL_REACHED,7,7,0,False,False,False,False,False,same
gpt_pdd_group_b2,2,3,7,medium_s_shaped_path,medium,corridor,S-shaped corridor with two forced turns.,20,TIMEOUT,TIMEOUT,20,20,0,False,False,False,False,False,same
gpt_pdd_group_b2,2,3,8,medium_central_obstacle,medium,single_detour,Large central obstacle can be navigated around either side.,20,TIMEOUT,TIMEOUT,20,20,0,False,False,False,False,False,same
gpt_pdd_group_b2,2,3,9,medium_single_valid_detour,medium,single_detour,Direct route is blocked and only one detour gap is available.,18,TIMEOUT,TIMEOUT,18,18,0,False,False,False,False,False,same
gpt_pdd_group_b2,2,3,10,medium_dead_end_corridors,medium,dead_end,Two corridor choices exist; one is a dead end and one reaches the goal.,20,TIMEOUT,TIMEOUT,20,20,0,False,False,False,False,False,same
gpt_pdd_group_b2,2,3,11,hard_maze_one_dead_end,hard,dead_end,Maze-like layout with one dead end before the correct path.,24,TIMEOUT,TIMEOUT,24,24,0,False,False,False,False,False,same
gpt_pdd_group_b2,2,3,12,hard_u_trap_goal,hard,counterintuitive,U-shaped trap in front of the goal requiring the robot to go around.,24,TIMEOUT,TIMEOUT,24,24,0,False,False,False,False,False,same
gpt_pdd_group_b2,2,3,13,hard_long_detour_budget,hard,counterintuitive,Long detour required; naive direct movement exhausts the tight budget.,26,TIMEOUT,TIMEOUT,26,26,0,False,False,False,False,False,same
gpt_pdd_group_b2,2,3,14,hard_two_dead_ends,hard,dead_end,"Two dead ends and one correct path, with the correct route initially counterintuitive.",28,TIMEOUT,TIMEOUT,28,28,0,False,False,False,False,False,same
gpt_pdd_group_b2,2,3,15,hard_move_away_corridor,hard,counterintuitive,Corridor forces the robot to move away from the nearby goal before reaching it.,22,TIMEOUT,TIMEOUT,22,22,0,False,False,False,False,False,same
gpt_pdd_group_b2,3,4,1,easy_open_short_path,easy,straight_line,"Open grid, no obstacles, short path.",20,GOAL_REACHED,GOAL_REACHED,4,4,0,False,False,False,False,False,same
gpt_pdd_group_b2,3,4,2,easy_single_obstacle_detour,easy,single_detour,Single obstacle on the direct path requiring one simple detour.,24,TIMEOUT,TIMEOUT,24,24,0,False,False,False,False,False,same
gpt_pdd_group_b2,3,4,3,easy_l_wall_one_turn,easy,single_detour,L-shaped wall forcing a simple route with one major turn.,28,TIMEOUT,TIMEOUT,28,28,0,True,False,False,True,False,drift
gpt_pdd_group_b2,3,4,4,easy_corner_goal_blocked,easy,single_detour,Goal is in a corner with one obstacle blocking the most direct route.,26,TIMEOUT,TIMEOUT,26,26,0,True,False,False,True,False,drift
gpt_pdd_group_b2,3,4,5,easy_two_isolated_obstacles,easy,single_detour,Slightly longer path with two isolated obstacles on the direct route.,30,TIMEOUT,TIMEOUT,30,30,0,False,False,False,False,False,same
gpt_pdd_group_b2,3,4,6,medium_straight_narrow_corridor,medium,corridor,Narrow one-cell-wide corridor running straight through the map.,15,GOAL_REACHED,GOAL_REACHED,7,9,2,True,False,True,False,False,regression
gpt_pdd_group_b2,3,4,7,medium_s_shaped_path,medium,corridor,S-shaped corridor with two forced turns.,20,TIMEOUT,TIMEOUT,20,20,0,True,False,False,True,False,drift
gpt_pdd_group_b2,3,4,8,medium_central_obstacle,medium,single_detour,Large central obstacle can be navigated around either side.,20,TIMEOUT,TIMEOUT,20,20,0,False,False,False,False,False,same
gpt_pdd_group_b2,3,4,9,medium_single_valid_detour,medium,single_detour,Direct route is blocked and only one detour gap is available.,18,TIMEOUT,TIMEOUT,18,18,0,False,False,False,False,False,same
gpt_pdd_group_b2,3,4,10,medium_dead_end_corridors,medium,dead_end,Two corridor choices exist; one is a dead end and one reaches the goal.,20,TIMEOUT,TIMEOUT,20,20,0,False,False,False,False,False,same
gpt_pdd_group_b2,3,4,11,hard_maze_one_dead_end,hard,dead_end,Maze-like layout with one dead end before the correct path.,24,TIMEOUT,TIMEOUT,24,24,0,True,False,False,True,False,drift
gpt_pdd_group_b2,3,4,12,hard_u_trap_goal,hard,counterintuitive,U-shaped trap in front of the goal requiring the robot to go around.,24,TIMEOUT,TIMEOUT,24,24,0,False,False,False,False,False,same
gpt_pdd_group_b2,3,4,13,hard_long_detour_budget,hard,counterintuitive,Long detour required; naive direct movement exhausts the tight budget.,26,TIMEOUT,TIMEOUT,26,26,0,False,False,False,False,False,same
gpt_pdd_group_b2,3,4,14,hard_two_dead_ends,hard,dead_end,"Two dead ends and one correct path, with the correct route initially counterintuitive.",28,TIMEOUT,TIMEOUT,28,28,0,False,False,False,False,False,same
gpt_pdd_group_b2,3,4,15,hard_move_away_corridor,hard,counterintuitive,Corridor forces the robot to move away from the nearby goal before reaching it.,22,TIMEOUT,TIMEOUT,22,22,0,False,False,False,False,False,same
gpt_pdd_group_b2,4,5,1,easy_open_short_path,easy,straight_line,"Open grid, no obstacles, short path.",20,GOAL_REACHED,GOAL_REACHED,4,4,0,False,False,False,False,False,same
gpt_pdd_group_b2,4,5,2,easy_single_obstacle_detour,easy,single_detour,Single obstacle on the direct path requiring one simple detour.,24,TIMEOUT,TIMEOUT,24,24,0,False,False,False,False,False,same
gpt_pdd_group_b2,4,5,3,easy_l_wall_one_turn,easy,single_detour,L-shaped wall forcing a simple route with one major turn.,28,TIMEOUT,TIMEOUT,28,28,0,True,False,False,True,False,drift
gpt_pdd_group_b2,4,5,4,easy_corner_goal_blocked,easy,single_detour,Goal is in a corner with one obstacle blocking the most direct route.,26,TIMEOUT,TIMEOUT,26,26,0,True,False,False,True,False,drift
gpt_pdd_group_b2,4,5,5,easy_two_isolated_obstacles,easy,single_detour,Slightly longer path with two isolated obstacles on the direct route.,30,TIMEOUT,TIMEOUT,30,30,0,False,False,False,False,False,same
gpt_pdd_group_b2,4,5,6,medium_straight_narrow_corridor,medium,corridor,Narrow one-cell-wide corridor running straight through the map.,15,GOAL_REACHED,GOAL_REACHED,9,7,-2,True,False,True,False,False,improvement
gpt_pdd_group_b2,4,5,7,medium_s_shaped_path,medium,corridor,S-shaped corridor with two forced turns.,20,TIMEOUT,TIMEOUT,20,20,0,True,False,False,True,False,drift
gpt_pdd_group_b2,4,5,8,medium_central_obstacle,medium,single_detour,Large central obstacle can be navigated around either side.,20,TIMEOUT,TIMEOUT,20,20,0,False,False,False,False,False,same
gpt_pdd_group_b2,4,5,9,medium_single_valid_detour,medium,single_detour,Direct route is blocked and only one detour gap is available.,18,TIMEOUT,TIMEOUT,18,18,0,False,False,False,False,False,same
gpt_pdd_group_b2,4,5,10,medium_dead_end_corridors,medium,dead_end,Two corridor choices exist; one is a dead end and one reaches the goal.,20,TIMEOUT,TIMEOUT,20,20,0,False,False,False,False,False,same
gpt_pdd_group_b2,4,5,11,hard_maze_one_dead_end,hard,dead_end,Maze-like layout with one dead end before the correct path.,24,TIMEOUT,TIMEOUT,24,24,0,True,False,False,True,False,drift
gpt_pdd_group_b2,4,5,12,hard_u_trap_goal,hard,counterintuitive,U-shaped trap in front of the goal requiring the robot to go around.,24,TIMEOUT,TIMEOUT,24,24,0,False,False,False,False,False,same
gpt_pdd_group_b2,4,5,13,hard_long_detour_budget,hard,counterintuitive,Long detour required; naive direct movement exhausts the tight budget.,26,TIMEOUT,TIMEOUT,26,26,0,False,False,False,False,False,same
gpt_pdd_group_b2,4,5,14,hard_two_dead_ends,hard,dead_end,"Two dead ends and one correct path, with the correct route initially counterintuitive.",28,TIMEOUT,TIMEOUT,28,28,0,False,False,False,False,False,same
gpt_pdd_group_b2,4,5,15,hard_move_away_corridor,hard,counterintuitive,Corridor forces the robot to move away from the nearby goal before reaching it.,22,TIMEOUT,TIMEOUT,22,22,0,False,False,False,False,False,same
gpt_pdd_group_b2,5,6,1,easy_open_short_path,easy,straight_line,"Open grid, no obstacles, short path.",20,GOAL_REACHED,GOAL_REACHED,4,4,0,False,False,False,False,False,same
gpt_pdd_group_b2,5,6,2,easy_single_obstacle_detour,easy,single_detour,Single obstacle on the direct path requiring one simple detour.,24,TIMEOUT,TIMEOUT,24,24,0,False,False,False,False,False,same
gpt_pdd_group_b2,5,6,3,easy_l_wall_one_turn,easy,single_detour,L-shaped wall forcing a simple route with one major turn.,28,TIMEOUT,TIMEOUT,28,28,0,True,False,False,True,False,drift
gpt_pdd_group_b2,5,6,4,easy_corner_goal_blocked,easy,single_detour,Goal is in a corner with one obstacle blocking the most direct route.,26,TIMEOUT,TIMEOUT,26,26,0,False,False,False,False,False,same
gpt_pdd_group_b2,5,6,5,easy_two_isolated_obstacles,easy,single_detour,Slightly longer path with two isolated obstacles on the direct route.,30,TIMEOUT,TIMEOUT,30,30,0,False,False,False,False,False,same
gpt_pdd_group_b2,5,6,6,medium_straight_narrow_corridor,medium,corridor,Narrow one-cell-wide corridor running straight through the map.,15,GOAL_REACHED,GOAL_REACHED,7,7,0,False,False,False,False,False,same
gpt_pdd_group_b2,5,6,7,medium_s_shaped_path,medium,corridor,S-shaped corridor with two forced turns.,20,TIMEOUT,TIMEOUT,20,20,0,True,False,False,True,False,drift
gpt_pdd_group_b2,5,6,8,medium_central_obstacle,medium,single_detour,Large central obstacle can be navigated around either side.,20,TIMEOUT,TIMEOUT,20,20,0,False,False,False,False,False,same
gpt_pdd_group_b2,5,6,9,medium_single_valid_detour,medium,single_detour,Direct route is blocked and only one detour gap is available.,18,TIMEOUT,TIMEOUT,18,18,0,False,False,False,False,False,same
gpt_pdd_group_b2,5,6,10,medium_dead_end_corridors,medium,dead_end,Two corridor choices exist; one is a dead end and one reaches the goal.,20,TIMEOUT,TIMEOUT,20,20,0,False,False,False,False,False,same
gpt_pdd_group_b2,5,6,11,hard_maze_one_dead_end,hard,dead_end,Maze-like layout with one dead end before the correct path.,24,TIMEOUT,TIMEOUT,24,24,0,True,False,False,True,False,drift
gpt_pdd_group_b2,5,6,12,hard_u_trap_goal,hard,counterintuitive,U-shaped trap in front of the goal requiring the robot to go around.,24,TIMEOUT,TIMEOUT,24,24,0,True,False,False,True,False,drift
gpt_pdd_group_b2,5,6,13,hard_long_detour_budget,hard,counterintuitive,Long detour required; naive direct movement exhausts the tight budget.,26,TIMEOUT,TIMEOUT,26,26,0,False,False,False,False,False,same
gpt_pdd_group_b2,5,6,14,hard_two_dead_ends,hard,dead_end,"Two dead ends and one correct path, with the correct route initially counterintuitive.",28,TIMEOUT,TIMEOUT,28,28,0,True,False,False,True,False,drift
gpt_pdd_group_b2,5,6,15,hard_move_away_corridor,hard,counterintuitive,Corridor forces the robot to move away from the nearby goal before reaching it.,22,TIMEOUT,TIMEOUT,22,22,0,False,False,False,False,False,same
gpt_pdd_group_b2,6,7,1,easy_open_short_path,easy,straight_line,"Open grid, no obstacles, short path.",20,GOAL_REACHED,GOAL_REACHED,4,4,0,False,False,False,False,False,same
gpt_pdd_group_b2,6,7,2,easy_single_obstacle_detour,easy,single_detour,Single obstacle on the direct path requiring one simple detour.,24,TIMEOUT,TIMEOUT,24,24,0,False,False,False,False,False,same
gpt_pdd_group_b2,6,7,3,easy_l_wall_one_turn,easy,single_detour,L-shaped wall forcing a simple route with one major turn.,28,TIMEOUT,TIMEOUT,28,28,0,True,False,False,True,False,drift
gpt_pdd_group_b2,6,7,4,easy_corner_goal_blocked,easy,single_detour,Goal is in a corner with one obstacle blocking the most direct route.,26,TIMEOUT,TIMEOUT,26,26,0,True,False,False,True,False,drift
gpt_pdd_group_b2,6,7,5,easy_two_isolated_obstacles,easy,single_detour,Slightly longer path with two isolated obstacles on the direct route.,30,TIMEOUT,TIMEOUT,30,30,0,False,False,False,False,False,same
gpt_pdd_group_b2,6,7,6,medium_straight_narrow_corridor,medium,corridor,Narrow one-cell-wide corridor running straight through the map.,15,GOAL_REACHED,GOAL_REACHED,7,7,0,False,False,False,False,False,same
gpt_pdd_group_b2,6,7,7,medium_s_shaped_path,medium,corridor,S-shaped corridor with two forced turns.,20,TIMEOUT,TIMEOUT,20,20,0,True,False,False,True,False,drift
gpt_pdd_group_b2,6,7,8,medium_central_obstacle,medium,single_detour,Large central obstacle can be navigated around either side.,20,TIMEOUT,TIMEOUT,20,20,0,False,False,False,False,False,same
gpt_pdd_group_b2,6,7,9,medium_single_valid_detour,medium,single_detour,Direct route is blocked and only one detour gap is available.,18,TIMEOUT,TIMEOUT,18,18,0,False,False,False,False,False,same
gpt_pdd_group_b2,6,7,10,medium_dead_end_corridors,medium,dead_end,Two corridor choices exist; one is a dead end and one reaches the goal.,20,TIMEOUT,TIMEOUT,20,20,0,False,False,False,False,False,same
gpt_pdd_group_b2,6,7,11,hard_maze_one_dead_end,hard,dead_end,Maze-like layout with one dead end before the correct path.,24,TIMEOUT,TIMEOUT,24,24,0,True,False,False,True,False,drift
gpt_pdd_group_b2,6,7,12,hard_u_trap_goal,hard,counterintuitive,U-shaped trap in front of the goal requiring the robot to go around.,24,TIMEOUT,TIMEOUT,24,24,0,True,False,False,True,False,drift
gpt_pdd_group_b2,6,7,13,hard_long_detour_budget,hard,counterintuitive,Long detour required; naive direct movement exhausts the tight budget.,26,TIMEOUT,TIMEOUT,26,26,0,False,False,False,False,False,same
gpt_pdd_group_b2,6,7,14,hard_two_dead_ends,hard,dead_end,"Two dead ends and one correct path, with the correct route initially counterintuitive.",28,TIMEOUT,TIMEOUT,28,28,0,True,False,False,True,False,drift
gpt_pdd_group_b2,6,7,15,hard_move_away_corridor,hard,counterintuitive,Corridor forces the robot to move away from the nearby goal before reaching it.,22,TIMEOUT,TIMEOUT,22,22,0,False,False,False,False,False,same
gpt_pdd_group_b2,7,8,1,easy_open_short_path,easy,straight_line,"Open grid, no obstacles, short path.",20,GOAL_REACHED,TIMEOUT,4,20,16,True,True,True,False,True,regression
gpt_pdd_group_b2,7,8,2,easy_single_obstacle_detour,easy,single_detour,Single obstacle on the direct path requiring one simple detour.,24,TIMEOUT,TIMEOUT,24,24,0,True,False,False,True,False,drift
gpt_pdd_group_b2,7,8,3,easy_l_wall_one_turn,easy,single_detour,L-shaped wall forcing a simple route with one major turn.,28,TIMEOUT,TIMEOUT,28,28,0,True,False,False,True,False,drift
gpt_pdd_group_b2,7,8,4,easy_corner_goal_blocked,easy,single_detour,Goal is in a corner with one obstacle blocking the most direct route.,26,TIMEOUT,TIMEOUT,26,26,0,True,False,False,True,False,drift
gpt_pdd_group_b2,7,8,5,easy_two_isolated_obstacles,easy,single_detour,Slightly longer path with two isolated obstacles on the direct route.,30,TIMEOUT,TIMEOUT,30,30,0,True,False,False,True,False,drift
gpt_pdd_group_b2,7,8,6,medium_straight_narrow_corridor,medium,corridor,Narrow one-cell-wide corridor running straight through the map.,15,GOAL_REACHED,TIMEOUT,7,15,8,True,True,True,False,True,regression
gpt_pdd_group_b2,7,8,7,medium_s_shaped_path,medium,corridor,S-shaped corridor with two forced turns.,20,TIMEOUT,TIMEOUT,20,20,0,True,False,False,True,False,drift
gpt_pdd_group_b2,7,8,8,medium_central_obstacle,medium,single_detour,Large central obstacle can be navigated around either side.,20,TIMEOUT,TIMEOUT,20,20,0,True,False,False,True,False,drift
gpt_pdd_group_b2,7,8,9,medium_single_valid_detour,medium,single_detour,Direct route is blocked and only one detour gap is available.,18,TIMEOUT,TIMEOUT,18,18,0,True,False,False,True,False,drift
gpt_pdd_group_b2,7,8,10,medium_dead_end_corridors,medium,dead_end,Two corridor choices exist; one is a dead end and one reaches the goal.,20,TIMEOUT,TIMEOUT,20,20,0,True,False,False,True,False,drift
gpt_pdd_group_b2,7,8,11,hard_maze_one_dead_end,hard,dead_end,Maze-like layout with one dead end before the correct path.,24,TIMEOUT,TIMEOUT,24,24,0,True,False,False,True,False,drift
gpt_pdd_group_b2,7,8,12,hard_u_trap_goal,hard,counterintuitive,U-shaped trap in front of the goal requiring the robot to go around.,24,TIMEOUT,TIMEOUT,24,24,0,False,False,False,False,False,same
gpt_pdd_group_b2,7,8,13,hard_long_detour_budget,hard,counterintuitive,Long detour required; naive direct movement exhausts the tight budget.,26,TIMEOUT,TIMEOUT,26,26,0,True,False,False,True,False,drift
gpt_pdd_group_b2,7,8,14,hard_two_dead_ends,hard,dead_end,"Two dead ends and one correct path, with the correct route initially counterintuitive.",28,TIMEOUT,TIMEOUT,28,28,0,True,False,False,True,False,drift
gpt_pdd_group_b2,7,8,15,hard_move_away_corridor,hard,counterintuitive,Corridor forces the robot to move away from the nearby goal before reaching it.,22,TIMEOUT,TIMEOUT,22,22,0,False,False,False,False,False,same
gpt_pdd_group_b3,1,2,1,easy_open_short_path,easy,straight_line,"Open grid, no obstacles, short path.",20,INVALID_CONTROLLER,GOAL_REACHED,0,4,4,False,True,True,False,True,improvement
gpt_pdd_group_b3,1,2,2,easy_single_obstacle_detour,easy,single_detour,Single obstacle on the direct path requiring one simple detour.,24,INVALID_CONTROLLER,TIMEOUT,0,24,24,False,True,True,False,True,improvement
gpt_pdd_group_b3,1,2,3,easy_l_wall_one_turn,easy,single_detour,L-shaped wall forcing a simple route with one major turn.,28,INVALID_CONTROLLER,GOAL_REACHED,0,10,10,False,True,True,False,True,improvement
gpt_pdd_group_b3,1,2,4,easy_corner_goal_blocked,easy,single_detour,Goal is in a corner with one obstacle blocking the most direct route.,26,INVALID_CONTROLLER,TIMEOUT,0,26,26,False,True,True,False,True,improvement
gpt_pdd_group_b3,1,2,5,easy_two_isolated_obstacles,easy,single_detour,Slightly longer path with two isolated obstacles on the direct route.,30,INVALID_CONTROLLER,TIMEOUT,0,30,30,False,True,True,False,True,improvement
gpt_pdd_group_b3,1,2,6,medium_straight_narrow_corridor,medium,corridor,Narrow one-cell-wide corridor running straight through the map.,15,INVALID_CONTROLLER,GOAL_REACHED,0,7,7,False,True,True,False,True,improvement
gpt_pdd_group_b3,1,2,7,medium_s_shaped_path,medium,corridor,S-shaped corridor with two forced turns.,20,INVALID_CONTROLLER,TIMEOUT,0,20,20,False,True,True,False,True,improvement
gpt_pdd_group_b3,1,2,8,medium_central_obstacle,medium,single_detour,Large central obstacle can be navigated around either side.,20,INVALID_CONTROLLER,TIMEOUT,0,20,20,False,True,True,False,True,improvement
gpt_pdd_group_b3,1,2,9,medium_single_valid_detour,medium,single_detour,Direct route is blocked and only one detour gap is available.,18,INVALID_CONTROLLER,TIMEOUT,0,18,18,False,True,True,False,True,improvement
gpt_pdd_group_b3,1,2,10,medium_dead_end_corridors,medium,dead_end,Two corridor choices exist; one is a dead end and one reaches the goal.,20,INVALID_CONTROLLER,TIMEOUT,0,20,20,False,True,True,False,True,improvement
gpt_pdd_group_b3,1,2,11,hard_maze_one_dead_end,hard,dead_end,Maze-like layout with one dead end before the correct path.,24,INVALID_CONTROLLER,GOAL_REACHED,0,13,13,False,True,True,False,True,improvement
gpt_pdd_group_b3,1,2,12,hard_u_trap_goal,hard,counterintuitive,U-shaped trap in front of the goal requiring the robot to go around.,24,INVALID_CONTROLLER,TIMEOUT,0,24,24,False,True,True,False,True,improvement
gpt_pdd_group_b3,1,2,13,hard_long_detour_budget,hard,counterintuitive,Long detour required; naive direct movement exhausts the tight budget.,26,INVALID_CONTROLLER,TIMEOUT,0,26,26,False,True,True,False,True,improvement
gpt_pdd_group_b3,1,2,14,hard_two_dead_ends,hard,dead_end,"Two dead ends and one correct path, with the correct route initially counterintuitive.",28,INVALID_CONTROLLER,TIMEOUT,0,28,28,False,True,True,False,True,improvement
gpt_pdd_group_b3,1,2,15,hard_move_away_corridor,hard,counterintuitive,Corridor forces the robot to move away from the nearby goal before reaching it.,22,INVALID_CONTROLLER,TIMEOUT,0,22,22,False,True,True,False,True,improvement
gpt_pdd_group_b3,2,3,1,easy_open_short_path,easy,straight_line,"Open grid, no obstacles, short path.",20,GOAL_REACHED,GOAL_REACHED,4,4,0,False,False,False,False,False,same
gpt_pdd_group_b3,2,3,2,easy_single_obstacle_detour,easy,single_detour,Single obstacle on the direct path requiring one simple detour.,24,TIMEOUT,TIMEOUT,24,24,0,False,False,False,False,False,same
gpt_pdd_group_b3,2,3,3,easy_l_wall_one_turn,easy,single_detour,L-shaped wall forcing a simple route with one major turn.,28,GOAL_REACHED,GOAL_REACHED,10,10,0,False,False,False,False,False,same
gpt_pdd_group_b3,2,3,4,easy_corner_goal_blocked,easy,single_detour,Goal is in a corner with one obstacle blocking the most direct route.,26,TIMEOUT,GOAL_REACHED,26,14,-12,True,True,True,False,True,improvement
gpt_pdd_group_b3,2,3,5,easy_two_isolated_obstacles,easy,single_detour,Slightly longer path with two isolated obstacles on the direct route.,30,TIMEOUT,TIMEOUT,30,30,0,False,False,False,False,False,same
gpt_pdd_group_b3,2,3,6,medium_straight_narrow_corridor,medium,corridor,Narrow one-cell-wide corridor running straight through the map.,15,GOAL_REACHED,GOAL_REACHED,7,7,0,False,False,False,False,False,same
gpt_pdd_group_b3,2,3,7,medium_s_shaped_path,medium,corridor,S-shaped corridor with two forced turns.,20,TIMEOUT,TIMEOUT,20,20,0,True,False,False,True,False,drift
gpt_pdd_group_b3,2,3,8,medium_central_obstacle,medium,single_detour,Large central obstacle can be navigated around either side.,20,TIMEOUT,TIMEOUT,20,20,0,False,False,False,False,False,same
gpt_pdd_group_b3,2,3,9,medium_single_valid_detour,medium,single_detour,Direct route is blocked and only one detour gap is available.,18,TIMEOUT,TIMEOUT,18,18,0,False,False,False,False,False,same
gpt_pdd_group_b3,2,3,10,medium_dead_end_corridors,medium,dead_end,Two corridor choices exist; one is a dead end and one reaches the goal.,20,TIMEOUT,TIMEOUT,20,20,0,False,False,False,False,False,same
gpt_pdd_group_b3,2,3,11,hard_maze_one_dead_end,hard,dead_end,Maze-like layout with one dead end before the correct path.,24,GOAL_REACHED,GOAL_REACHED,13,13,0,False,False,False,False,False,same
gpt_pdd_group_b3,2,3,12,hard_u_trap_goal,hard,counterintuitive,U-shaped trap in front of the goal requiring the robot to go around.,24,TIMEOUT,TIMEOUT,24,24,0,False,False,False,False,False,same
gpt_pdd_group_b3,2,3,13,hard_long_detour_budget,hard,counterintuitive,Long detour required; naive direct movement exhausts the tight budget.,26,TIMEOUT,TIMEOUT,26,26,0,False,False,False,False,False,same
gpt_pdd_group_b3,2,3,14,hard_two_dead_ends,hard,dead_end,"Two dead ends and one correct path, with the correct route initially counterintuitive.",28,TIMEOUT,TIMEOUT,28,28,0,False,False,False,False,False,same
gpt_pdd_group_b3,2,3,15,hard_move_away_corridor,hard,counterintuitive,Corridor forces the robot to move away from the nearby goal before reaching it.,22,TIMEOUT,TIMEOUT,22,22,0,False,False,False,False,False,same
gpt_pdd_group_b3,3,4,1,easy_open_short_path,easy,straight_line,"Open grid, no obstacles, short path.",20,GOAL_REACHED,GOAL_REACHED,4,4,0,False,False,False,False,False,same
gpt_pdd_group_b3,3,4,2,easy_single_obstacle_detour,easy,single_detour,Single obstacle on the direct path requiring one simple detour.,24,TIMEOUT,TIMEOUT,24,24,0,False,False,False,False,False,same
gpt_pdd_group_b3,3,4,3,easy_l_wall_one_turn,easy,single_detour,L-shaped wall forcing a simple route with one major turn.,28,GOAL_REACHED,GOAL_REACHED,10,10,0,False,False,False,False,False,same
gpt_pdd_group_b3,3,4,4,easy_corner_goal_blocked,easy,single_detour,Goal is in a corner with one obstacle blocking the most direct route.,26,GOAL_REACHED,TIMEOUT,14,26,12,True,True,True,False,True,regression
gpt_pdd_group_b3,3,4,5,easy_two_isolated_obstacles,easy,single_detour,Slightly longer path with two isolated obstacles on the direct route.,30,TIMEOUT,TIMEOUT,30,30,0,False,False,False,False,False,same
gpt_pdd_group_b3,3,4,6,medium_straight_narrow_corridor,medium,corridor,Narrow one-cell-wide corridor running straight through the map.,15,GOAL_REACHED,GOAL_REACHED,7,7,0,False,False,False,False,False,same
gpt_pdd_group_b3,3,4,7,medium_s_shaped_path,medium,corridor,S-shaped corridor with two forced turns.,20,TIMEOUT,TIMEOUT,20,20,0,True,False,False,True,False,drift
gpt_pdd_group_b3,3,4,8,medium_central_obstacle,medium,single_detour,Large central obstacle can be navigated around either side.,20,TIMEOUT,TIMEOUT,20,20,0,False,False,False,False,False,same
gpt_pdd_group_b3,3,4,9,medium_single_valid_detour,medium,single_detour,Direct route is blocked and only one detour gap is available.,18,TIMEOUT,TIMEOUT,18,18,0,False,False,False,False,False,same
gpt_pdd_group_b3,3,4,10,medium_dead_end_corridors,medium,dead_end,Two corridor choices exist; one is a dead end and one reaches the goal.,20,TIMEOUT,TIMEOUT,20,20,0,False,False,False,False,False,same
gpt_pdd_group_b3,3,4,11,hard_maze_one_dead_end,hard,dead_end,Maze-like layout with one dead end before the correct path.,24,GOAL_REACHED,GOAL_REACHED,13,13,0,False,False,False,False,False,same
gpt_pdd_group_b3,3,4,12,hard_u_trap_goal,hard,counterintuitive,U-shaped trap in front of the goal requiring the robot to go around.,24,TIMEOUT,TIMEOUT,24,24,0,False,False,False,False,False,same
gpt_pdd_group_b3,3,4,13,hard_long_detour_budget,hard,counterintuitive,Long detour required; naive direct movement exhausts the tight budget.,26,TIMEOUT,TIMEOUT,26,26,0,False,False,False,False,False,same
gpt_pdd_group_b3,3,4,14,hard_two_dead_ends,hard,dead_end,"Two dead ends and one correct path, with the correct route initially counterintuitive.",28,TIMEOUT,TIMEOUT,28,28,0,False,False,False,False,False,same
gpt_pdd_group_b3,3,4,15,hard_move_away_corridor,hard,counterintuitive,Corridor forces the robot to move away from the nearby goal before reaching it.,22,TIMEOUT,TIMEOUT,22,22,0,False,False,False,False,False,same
gpt_pdd_group_b3,4,5,1,easy_open_short_path,easy,straight_line,"Open grid, no obstacles, short path.",20,GOAL_REACHED,GOAL_REACHED,4,4,0,False,False,False,False,False,same
gpt_pdd_group_b3,4,5,2,easy_single_obstacle_detour,easy,single_detour,Single obstacle on the direct path requiring one simple detour.,24,TIMEOUT,TIMEOUT,24,24,0,False,False,False,False,False,same
gpt_pdd_group_b3,4,5,3,easy_l_wall_one_turn,easy,single_detour,L-shaped wall forcing a simple route with one major turn.,28,GOAL_REACHED,GOAL_REACHED,10,10,0,False,False,False,False,False,same
gpt_pdd_group_b3,4,5,4,easy_corner_goal_blocked,easy,single_detour,Goal is in a corner with one obstacle blocking the most direct route.,26,TIMEOUT,TIMEOUT,26,26,0,False,False,False,False,False,same
gpt_pdd_group_b3,4,5,5,easy_two_isolated_obstacles,easy,single_detour,Slightly longer path with two isolated obstacles on the direct route.,30,TIMEOUT,TIMEOUT,30,30,0,False,False,False,False,False,same
gpt_pdd_group_b3,4,5,6,medium_straight_narrow_corridor,medium,corridor,Narrow one-cell-wide corridor running straight through the map.,15,GOAL_REACHED,GOAL_REACHED,7,7,0,False,False,False,False,False,same
gpt_pdd_group_b3,4,5,7,medium_s_shaped_path,medium,corridor,S-shaped corridor with two forced turns.,20,TIMEOUT,TIMEOUT,20,20,0,False,False,False,False,False,same
gpt_pdd_group_b3,4,5,8,medium_central_obstacle,medium,single_detour,Large central obstacle can be navigated around either side.,20,TIMEOUT,TIMEOUT,20,20,0,False,False,False,False,False,same
gpt_pdd_group_b3,4,5,9,medium_single_valid_detour,medium,single_detour,Direct route is blocked and only one detour gap is available.,18,TIMEOUT,TIMEOUT,18,18,0,False,False,False,False,False,same
gpt_pdd_group_b3,4,5,10,medium_dead_end_corridors,medium,dead_end,Two corridor choices exist; one is a dead end and one reaches the goal.,20,TIMEOUT,TIMEOUT,20,20,0,False,False,False,False,False,same
gpt_pdd_group_b3,4,5,11,hard_maze_one_dead_end,hard,dead_end,Maze-like layout with one dead end before the correct path.,24,GOAL_REACHED,GOAL_REACHED,13,13,0,False,False,False,False,False,same
gpt_pdd_group_b3,4,5,12,hard_u_trap_goal,hard,counterintuitive,U-shaped trap in front of the goal requiring the robot to go around.,24,TIMEOUT,TIMEOUT,24,24,0,False,False,False,False,False,same
gpt_pdd_group_b3,4,5,13,hard_long_detour_budget,hard,counterintuitive,Long detour required; naive direct movement exhausts the tight budget.,26,TIMEOUT,TIMEOUT,26,26,0,False,False,False,False,False,same
gpt_pdd_group_b3,4,5,14,hard_two_dead_ends,hard,dead_end,"Two dead ends and one correct path, with the correct route initially counterintuitive.",28,TIMEOUT,TIMEOUT,28,28,0,False,False,False,False,False,same
gpt_pdd_group_b3,4,5,15,hard_move_away_corridor,hard,counterintuitive,Corridor forces the robot to move away from the nearby goal before reaching it.,22,TIMEOUT,TIMEOUT,22,22,0,False,False,False,False,False,same
gpt_pdd_group_b3,5,6,1,easy_open_short_path,easy,straight_line,"Open grid, no obstacles, short path.",20,GOAL_REACHED,GOAL_REACHED,4,4,0,False,False,False,False,False,same
gpt_pdd_group_b3,5,6,2,easy_single_obstacle_detour,easy,single_detour,Single obstacle on the direct path requiring one simple detour.,24,TIMEOUT,TIMEOUT,24,24,0,False,False,False,False,False,same
gpt_pdd_group_b3,5,6,3,easy_l_wall_one_turn,easy,single_detour,L-shaped wall forcing a simple route with one major turn.,28,GOAL_REACHED,GOAL_REACHED,10,18,8,True,False,True,False,False,regression
gpt_pdd_group_b3,5,6,4,easy_corner_goal_blocked,easy,single_detour,Goal is in a corner with one obstacle blocking the most direct route.,26,TIMEOUT,GOAL_REACHED,26,13,-13,True,True,True,False,True,improvement
gpt_pdd_group_b3,5,6,5,easy_two_isolated_obstacles,easy,single_detour,Slightly longer path with two isolated obstacles on the direct route.,30,TIMEOUT,TIMEOUT,30,30,0,False,False,False,False,False,same
gpt_pdd_group_b3,5,6,6,medium_straight_narrow_corridor,medium,corridor,Narrow one-cell-wide corridor running straight through the map.,15,GOAL_REACHED,GOAL_REACHED,7,7,0,False,False,False,False,False,same
gpt_pdd_group_b3,5,6,7,medium_s_shaped_path,medium,corridor,S-shaped corridor with two forced turns.,20,TIMEOUT,TIMEOUT,20,20,0,True,False,False,True,False,drift
gpt_pdd_group_b3,5,6,8,medium_central_obstacle,medium,single_detour,Large central obstacle can be navigated around either side.,20,TIMEOUT,TIMEOUT,20,20,0,False,False,False,False,False,same
gpt_pdd_group_b3,5,6,9,medium_single_valid_detour,medium,single_detour,Direct route is blocked and only one detour gap is available.,18,TIMEOUT,TIMEOUT,18,18,0,False,False,False,False,False,same
gpt_pdd_group_b3,5,6,10,medium_dead_end_corridors,medium,dead_end,Two corridor choices exist; one is a dead end and one reaches the goal.,20,TIMEOUT,TIMEOUT,20,20,0,False,False,False,False,False,same
gpt_pdd_group_b3,5,6,11,hard_maze_one_dead_end,hard,dead_end,Maze-like layout with one dead end before the correct path.,24,GOAL_REACHED,GOAL_REACHED,13,24,11,True,False,True,False,False,regression
gpt_pdd_group_b3,5,6,12,hard_u_trap_goal,hard,counterintuitive,U-shaped trap in front of the goal requiring the robot to go around.,24,TIMEOUT,TIMEOUT,24,24,0,False,False,False,False,False,same
gpt_pdd_group_b3,5,6,13,hard_long_detour_budget,hard,counterintuitive,Long detour required; naive direct movement exhausts the tight budget.,26,TIMEOUT,TIMEOUT,26,26,0,False,False,False,False,False,same
gpt_pdd_group_b3,5,6,14,hard_two_dead_ends,hard,dead_end,"Two dead ends and one correct path, with the correct route initially counterintuitive.",28,TIMEOUT,TIMEOUT,28,28,0,True,False,False,True,False,drift
gpt_pdd_group_b3,5,6,15,hard_move_away_corridor,hard,counterintuitive,Corridor forces the robot to move away from the nearby goal before reaching it.,22,TIMEOUT,TIMEOUT,22,22,0,False,False,False,False,False,same
gpt_pdd_group_b3,6,7,1,easy_open_short_path,easy,straight_line,"Open grid, no obstacles, short path.",20,GOAL_REACHED,GOAL_REACHED,4,4,0,False,False,False,False,False,same
gpt_pdd_group_b3,6,7,2,easy_single_obstacle_detour,easy,single_detour,Single obstacle on the direct path requiring one simple detour.,24,TIMEOUT,TIMEOUT,24,24,0,False,False,False,False,False,same
gpt_pdd_group_b3,6,7,3,easy_l_wall_one_turn,easy,single_detour,L-shaped wall forcing a simple route with one major turn.,28,GOAL_REACHED,TIMEOUT,18,28,10,True,True,True,False,True,regression
gpt_pdd_group_b3,6,7,4,easy_corner_goal_blocked,easy,single_detour,Goal is in a corner with one obstacle blocking the most direct route.,26,GOAL_REACHED,GOAL_REACHED,13,15,2,True,False,True,False,False,regression
gpt_pdd_group_b3,6,7,5,easy_two_isolated_obstacles,easy,single_detour,Slightly longer path with two isolated obstacles on the direct route.,30,TIMEOUT,TIMEOUT,30,30,0,False,False,False,False,False,same
gpt_pdd_group_b3,6,7,6,medium_straight_narrow_corridor,medium,corridor,Narrow one-cell-wide corridor running straight through the map.,15,GOAL_REACHED,GOAL_REACHED,7,7,0,False,False,False,False,False,same
gpt_pdd_group_b3,6,7,7,medium_s_shaped_path,medium,corridor,S-shaped corridor with two forced turns.,20,TIMEOUT,TIMEOUT,20,20,0,True,False,False,True,False,drift
gpt_pdd_group_b3,6,7,8,medium_central_obstacle,medium,single_detour,Large central obstacle can be navigated around either side.,20,TIMEOUT,TIMEOUT,20,20,0,False,False,False,False,False,same
gpt_pdd_group_b3,6,7,9,medium_single_valid_detour,medium,single_detour,Direct route is blocked and only one detour gap is available.,18,TIMEOUT,TIMEOUT,18,18,0,False,False,False,False,False,same
gpt_pdd_group_b3,6,7,10,medium_dead_end_corridors,medium,dead_end,Two corridor choices exist; one is a dead end and one reaches the goal.,20,TIMEOUT,TIMEOUT,20,20,0,False,False,False,False,False,same
gpt_pdd_group_b3,6,7,11,hard_maze_one_dead_end,hard,dead_end,Maze-like layout with one dead end before the correct path.,24,GOAL_REACHED,TIMEOUT,24,24,0,True,True,False,False,True,regression
gpt_pdd_group_b3,6,7,12,hard_u_trap_goal,hard,counterintuitive,U-shaped trap in front of the goal requiring the robot to go around.,24,TIMEOUT,TIMEOUT,24,24,0,False,False,False,False,False,same
gpt_pdd_group_b3,6,7,13,hard_long_detour_budget,hard,counterintuitive,Long detour required; naive direct movement exhausts the tight budget.,26,TIMEOUT,TIMEOUT,26,26,0,False,False,False,False,False,same
gpt_pdd_group_b3,6,7,14,hard_two_dead_ends,hard,dead_end,"Two dead ends and one correct path, with the correct route initially counterintuitive.",28,TIMEOUT,TIMEOUT,28,28,0,True,False,False,True,False,drift
gpt_pdd_group_b3,6,7,15,hard_move_away_corridor,hard,counterintuitive,Corridor forces the robot to move away from the nearby goal before reaching it.,22,TIMEOUT,TIMEOUT,22,22,0,False,False,False,False,False,same
gpt_pdd_group_b3,7,8,1,easy_open_short_path,easy,straight_line,"Open grid, no obstacles, short path.",20,GOAL_REACHED,GOAL_REACHED,4,4,0,False,False,False,False,False,same
gpt_pdd_group_b3,7,8,2,easy_single_obstacle_detour,easy,single_detour,Single obstacle on the direct path requiring one simple detour.,24,TIMEOUT,TIMEOUT,24,24,0,False,False,False,False,False,same
gpt_pdd_group_b3,7,8,3,easy_l_wall_one_turn,easy,single_detour,L-shaped wall forcing a simple route with one major turn.,28,TIMEOUT,GOAL_REACHED,28,10,-18,True,True,True,False,True,improvement
gpt_pdd_group_b3,7,8,4,easy_corner_goal_blocked,easy,single_detour,Goal is in a corner with one obstacle blocking the most direct route.,26,GOAL_REACHED,TIMEOUT,15,26,11,True,True,True,False,True,regression
gpt_pdd_group_b3,7,8,5,easy_two_isolated_obstacles,easy,single_detour,Slightly longer path with two isolated obstacles on the direct route.,30,TIMEOUT,TIMEOUT,30,30,0,False,False,False,False,False,same
gpt_pdd_group_b3,7,8,6,medium_straight_narrow_corridor,medium,corridor,Narrow one-cell-wide corridor running straight through the map.,15,GOAL_REACHED,GOAL_REACHED,7,7,0,False,False,False,False,False,same
gpt_pdd_group_b3,7,8,7,medium_s_shaped_path,medium,corridor,S-shaped corridor with two forced turns.,20,TIMEOUT,TIMEOUT,20,20,0,True,False,False,True,False,drift
gpt_pdd_group_b3,7,8,8,medium_central_obstacle,medium,single_detour,Large central obstacle can be navigated around either side.,20,TIMEOUT,TIMEOUT,20,20,0,False,False,False,False,False,same
gpt_pdd_group_b3,7,8,9,medium_single_valid_detour,medium,single_detour,Direct route is blocked and only one detour gap is available.,18,TIMEOUT,TIMEOUT,18,18,0,False,False,False,False,False,same
gpt_pdd_group_b3,7,8,10,medium_dead_end_corridors,medium,dead_end,Two corridor choices exist; one is a dead end and one reaches the goal.,20,TIMEOUT,TIMEOUT,20,20,0,False,False,False,False,False,same
gpt_pdd_group_b3,7,8,11,hard_maze_one_dead_end,hard,dead_end,Maze-like layout with one dead end before the correct path.,24,TIMEOUT,GOAL_REACHED,24,13,-11,True,True,True,False,True,improvement
gpt_pdd_group_b3,7,8,12,hard_u_trap_goal,hard,counterintuitive,U-shaped trap in front of the goal requiring the robot to go around.,24,TIMEOUT,TIMEOUT,24,24,0,False,False,False,False,False,same
gpt_pdd_group_b3,7,8,13,hard_long_detour_budget,hard,counterintuitive,Long detour required; naive direct movement exhausts the tight budget.,26,TIMEOUT,TIMEOUT,26,26,0,False,False,False,False,False,same
gpt_pdd_group_b3,7,8,14,hard_two_dead_ends,hard,dead_end,"Two dead ends and one correct path, with the correct route initially counterintuitive.",28,TIMEOUT,TIMEOUT,28,28,0,False,False,False,False,False,same
gpt_pdd_group_b3,7,8,15,hard_move_away_corridor,hard,counterintuitive,Corridor forces the robot to move away from the nearby goal before reaching it.,22,TIMEOUT,TIMEOUT,22,22,0,False,False,False,False,False,same
gpt_sdd_a,1,2,1,easy_open_short_path,easy,straight_line,"Open grid, no obstacles, short path.",20,INVALID_CONTROLLER,GOAL_REACHED,0,4,4,False,True,True,False,True,improvement
gpt_sdd_a,1,2,2,easy_single_obstacle_detour,easy,single_detour,Single obstacle on the direct path requiring one simple detour.,24,INVALID_CONTROLLER,TIMEOUT,0,24,24,False,True,True,False,True,improvement
gpt_sdd_a,1,2,3,easy_l_wall_one_turn,easy,single_detour,L-shaped wall forcing a simple route with one major turn.,28,INVALID_CONTROLLER,GOAL_REACHED,0,10,10,False,True,True,False,True,improvement
gpt_sdd_a,1,2,4,easy_corner_goal_blocked,easy,single_detour,Goal is in a corner with one obstacle blocking the most direct route.,26,INVALID_CONTROLLER,GOAL_REACHED,0,12,12,False,True,True,False,True,improvement
gpt_sdd_a,1,2,5,easy_two_isolated_obstacles,easy,single_detour,Slightly longer path with two isolated obstacles on the direct route.,30,INVALID_CONTROLLER,TIMEOUT,0,30,30,False,True,True,False,True,improvement
gpt_sdd_a,1,2,6,medium_straight_narrow_corridor,medium,corridor,Narrow one-cell-wide corridor running straight through the map.,15,INVALID_CONTROLLER,GOAL_REACHED,0,7,7,False,True,True,False,True,improvement
gpt_sdd_a,1,2,7,medium_s_shaped_path,medium,corridor,S-shaped corridor with two forced turns.,20,INVALID_CONTROLLER,TIMEOUT,0,20,20,False,True,True,False,True,improvement
gpt_sdd_a,1,2,8,medium_central_obstacle,medium,single_detour,Large central obstacle can be navigated around either side.,20,INVALID_CONTROLLER,TIMEOUT,0,20,20,False,True,True,False,True,improvement
gpt_sdd_a,1,2,9,medium_single_valid_detour,medium,single_detour,Direct route is blocked and only one detour gap is available.,18,INVALID_CONTROLLER,TIMEOUT,0,18,18,False,True,True,False,True,improvement
gpt_sdd_a,1,2,10,medium_dead_end_corridors,medium,dead_end,Two corridor choices exist; one is a dead end and one reaches the goal.,20,INVALID_CONTROLLER,TIMEOUT,0,20,20,False,True,True,False,True,improvement
gpt_sdd_a,1,2,11,hard_maze_one_dead_end,hard,dead_end,Maze-like layout with one dead end before the correct path.,24,INVALID_CONTROLLER,GOAL_REACHED,0,13,13,False,True,True,False,True,improvement
gpt_sdd_a,1,2,12,hard_u_trap_goal,hard,counterintuitive,U-shaped trap in front of the goal requiring the robot to go around.,24,INVALID_CONTROLLER,TIMEOUT,0,24,24,False,True,True,False,True,improvement
gpt_sdd_a,1,2,13,hard_long_detour_budget,hard,counterintuitive,Long detour required; naive direct movement exhausts the tight budget.,26,INVALID_CONTROLLER,TIMEOUT,0,26,26,False,True,True,False,True,improvement
gpt_sdd_a,1,2,14,hard_two_dead_ends,hard,dead_end,"Two dead ends and one correct path, with the correct route initially counterintuitive.",28,INVALID_CONTROLLER,TIMEOUT,0,28,28,False,True,True,False,True,improvement
gpt_sdd_a,1,2,15,hard_move_away_corridor,hard,counterintuitive,Corridor forces the robot to move away from the nearby goal before reaching it.,22,INVALID_CONTROLLER,TIMEOUT,0,22,22,False,True,True,False,True,improvement
gpt_sdd_a,2,3,1,easy_open_short_path,easy,straight_line,"Open grid, no obstacles, short path.",20,GOAL_REACHED,GOAL_REACHED,4,4,0,False,False,False,False,False,same
gpt_sdd_a,2,3,2,easy_single_obstacle_detour,easy,single_detour,Single obstacle on the direct path requiring one simple detour.,24,TIMEOUT,GOAL_REACHED,24,10,-14,True,True,True,False,True,improvement
gpt_sdd_a,2,3,3,easy_l_wall_one_turn,easy,single_detour,L-shaped wall forcing a simple route with one major turn.,28,GOAL_REACHED,GOAL_REACHED,10,18,8,True,False,True,False,False,regression
gpt_sdd_a,2,3,4,easy_corner_goal_blocked,easy,single_detour,Goal is in a corner with one obstacle blocking the most direct route.,26,GOAL_REACHED,GOAL_REACHED,12,15,3,True,False,True,False,False,regression
gpt_sdd_a,2,3,5,easy_two_isolated_obstacles,easy,single_detour,Slightly longer path with two isolated obstacles on the direct route.,30,TIMEOUT,GOAL_REACHED,30,12,-18,True,True,True,False,True,improvement
gpt_sdd_a,2,3,6,medium_straight_narrow_corridor,medium,corridor,Narrow one-cell-wide corridor running straight through the map.,15,GOAL_REACHED,TIMEOUT,7,15,8,True,True,True,False,True,regression
gpt_sdd_a,2,3,7,medium_s_shaped_path,medium,corridor,S-shaped corridor with two forced turns.,20,TIMEOUT,TIMEOUT,20,20,0,True,False,False,True,False,drift
gpt_sdd_a,2,3,8,medium_central_obstacle,medium,single_detour,Large central obstacle can be navigated around either side.,20,TIMEOUT,TIMEOUT,20,20,0,True,False,False,True,False,drift
gpt_sdd_a,2,3,9,medium_single_valid_detour,medium,single_detour,Direct route is blocked and only one detour gap is available.,18,TIMEOUT,TIMEOUT,18,18,0,True,False,False,True,False,drift
gpt_sdd_a,2,3,10,medium_dead_end_corridors,medium,dead_end,Two corridor choices exist; one is a dead end and one reaches the goal.,20,TIMEOUT,TIMEOUT,20,20,0,True,False,False,True,False,drift
gpt_sdd_a,2,3,11,hard_maze_one_dead_end,hard,dead_end,Maze-like layout with one dead end before the correct path.,24,GOAL_REACHED,GOAL_REACHED,13,17,4,True,False,True,False,False,regression
gpt_sdd_a,2,3,12,hard_u_trap_goal,hard,counterintuitive,U-shaped trap in front of the goal requiring the robot to go around.,24,TIMEOUT,TIMEOUT,24,24,0,True,False,False,True,False,drift
gpt_sdd_a,2,3,13,hard_long_detour_budget,hard,counterintuitive,Long detour required; naive direct movement exhausts the tight budget.,26,TIMEOUT,GOAL_REACHED,26,19,-7,True,True,True,False,True,improvement
gpt_sdd_a,2,3,14,hard_two_dead_ends,hard,dead_end,"Two dead ends and one correct path, with the correct route initially counterintuitive.",28,TIMEOUT,TIMEOUT,28,28,0,True,False,False,True,False,drift
gpt_sdd_a,2,3,15,hard_move_away_corridor,hard,counterintuitive,Corridor forces the robot to move away from the nearby goal before reaching it.,22,TIMEOUT,TIMEOUT,22,22,0,True,False,False,True,False,drift
gpt_sdd_a,3,4,1,easy_open_short_path,easy,straight_line,"Open grid, no obstacles, short path.",20,GOAL_REACHED,GOAL_REACHED,4,4,0,False,False,False,False,False,same
gpt_sdd_a,3,4,2,easy_single_obstacle_detour,easy,single_detour,Single obstacle on the direct path requiring one simple detour.,24,GOAL_REACHED,GOAL_REACHED,10,12,2,True,False,True,False,False,regression
gpt_sdd_a,3,4,3,easy_l_wall_one_turn,easy,single_detour,L-shaped wall forcing a simple route with one major turn.,28,GOAL_REACHED,GOAL_REACHED,18,10,-8,True,False,True,False,False,improvement
gpt_sdd_a,3,4,4,easy_corner_goal_blocked,easy,single_detour,Goal is in a corner with one obstacle blocking the most direct route.,26,GOAL_REACHED,GOAL_REACHED,15,17,2,True,False,True,False,False,regression
gpt_sdd_a,3,4,5,easy_two_isolated_obstacles,easy,single_detour,Slightly longer path with two isolated obstacles on the direct route.,30,GOAL_REACHED,TIMEOUT,12,30,18,True,True,True,False,True,regression
gpt_sdd_a,3,4,6,medium_straight_narrow_corridor,medium,corridor,Narrow one-cell-wide corridor running straight through the map.,15,TIMEOUT,TIMEOUT,15,15,0,True,False,False,True,False,drift
gpt_sdd_a,3,4,7,medium_s_shaped_path,medium,corridor,S-shaped corridor with two forced turns.,20,TIMEOUT,TIMEOUT,20,20,0,True,False,False,True,False,drift
gpt_sdd_a,3,4,8,medium_central_obstacle,medium,single_detour,Large central obstacle can be navigated around either side.,20,TIMEOUT,TIMEOUT,20,20,0,True,False,False,True,False,drift
gpt_sdd_a,3,4,9,medium_single_valid_detour,medium,single_detour,Direct route is blocked and only one detour gap is available.,18,TIMEOUT,TIMEOUT,18,18,0,True,False,False,True,False,drift
gpt_sdd_a,3,4,10,medium_dead_end_corridors,medium,dead_end,Two corridor choices exist; one is a dead end and one reaches the goal.,20,TIMEOUT,TIMEOUT,20,20,0,True,False,False,True,False,drift
gpt_sdd_a,3,4,11,hard_maze_one_dead_end,hard,dead_end,Maze-like layout with one dead end before the correct path.,24,GOAL_REACHED,GOAL_REACHED,17,19,2,True,False,True,False,False,regression
gpt_sdd_a,3,4,12,hard_u_trap_goal,hard,counterintuitive,U-shaped trap in front of the goal requiring the robot to go around.,24,TIMEOUT,TIMEOUT,24,24,0,True,False,False,True,False,drift
gpt_sdd_a,3,4,13,hard_long_detour_budget,hard,counterintuitive,Long detour required; naive direct movement exhausts the tight budget.,26,GOAL_REACHED,TIMEOUT,19,26,7,True,True,True,False,True,regression
gpt_sdd_a,3,4,14,hard_two_dead_ends,hard,dead_end,"Two dead ends and one correct path, with the correct route initially counterintuitive.",28,TIMEOUT,TIMEOUT,28,28,0,True,False,False,True,False,drift
gpt_sdd_a,3,4,15,hard_move_away_corridor,hard,counterintuitive,Corridor forces the robot to move away from the nearby goal before reaching it.,22,TIMEOUT,TIMEOUT,22,22,0,True,False,False,True,False,drift
gpt_sdd_b,1,2,1,easy_open_short_path,easy,straight_line,"Open grid, no obstacles, short path.",20,INVALID_CONTROLLER,GOAL_REACHED,0,4,4,False,True,True,False,True,improvement
gpt_sdd_b,1,2,2,easy_single_obstacle_detour,easy,single_detour,Single obstacle on the direct path requiring one simple detour.,24,INVALID_CONTROLLER,GOAL_REACHED,0,17,17,False,True,True,False,True,improvement
gpt_sdd_b,1,2,3,easy_l_wall_one_turn,easy,single_detour,L-shaped wall forcing a simple route with one major turn.,28,INVALID_CONTROLLER,GOAL_REACHED,0,20,20,False,True,True,False,True,improvement
gpt_sdd_b,1,2,4,easy_corner_goal_blocked,easy,single_detour,Goal is in a corner with one obstacle blocking the most direct route.,26,INVALID_CONTROLLER,GOAL_REACHED,0,15,15,False,True,True,False,True,improvement
gpt_sdd_b,1,2,5,easy_two_isolated_obstacles,easy,single_detour,Slightly longer path with two isolated obstacles on the direct route.,30,INVALID_CONTROLLER,GOAL_REACHED,0,19,19,False,True,True,False,True,improvement
gpt_sdd_b,1,2,6,medium_straight_narrow_corridor,medium,corridor,Narrow one-cell-wide corridor running straight through the map.,15,INVALID_CONTROLLER,GOAL_REACHED,0,7,7,False,True,True,False,True,improvement
gpt_sdd_b,1,2,7,medium_s_shaped_path,medium,corridor,S-shaped corridor with two forced turns.,20,INVALID_CONTROLLER,TIMEOUT,0,20,20,False,True,True,False,True,improvement
gpt_sdd_b,1,2,8,medium_central_obstacle,medium,single_detour,Large central obstacle can be navigated around either side.,20,INVALID_CONTROLLER,TIMEOUT,0,20,20,False,True,True,False,True,improvement
gpt_sdd_b,1,2,9,medium_single_valid_detour,medium,single_detour,Direct route is blocked and only one detour gap is available.,18,INVALID_CONTROLLER,TIMEOUT,0,18,18,False,True,True,False,True,improvement
gpt_sdd_b,1,2,10,medium_dead_end_corridors,medium,dead_end,Two corridor choices exist; one is a dead end and one reaches the goal.,20,INVALID_CONTROLLER,TIMEOUT,0,20,20,False,True,True,False,True,improvement
gpt_sdd_b,1,2,11,hard_maze_one_dead_end,hard,dead_end,Maze-like layout with one dead end before the correct path.,24,INVALID_CONTROLLER,TIMEOUT,0,24,24,False,True,True,False,True,improvement
gpt_sdd_b,1,2,12,hard_u_trap_goal,hard,counterintuitive,U-shaped trap in front of the goal requiring the robot to go around.,24,INVALID_CONTROLLER,TIMEOUT,0,24,24,False,True,True,False,True,improvement
gpt_sdd_b,1,2,13,hard_long_detour_budget,hard,counterintuitive,Long detour required; naive direct movement exhausts the tight budget.,26,INVALID_CONTROLLER,TIMEOUT,0,26,26,False,True,True,False,True,improvement
gpt_sdd_b,1,2,14,hard_two_dead_ends,hard,dead_end,"Two dead ends and one correct path, with the correct route initially counterintuitive.",28,INVALID_CONTROLLER,GOAL_REACHED,0,24,24,False,True,True,False,True,improvement
gpt_sdd_b,1,2,15,hard_move_away_corridor,hard,counterintuitive,Corridor forces the robot to move away from the nearby goal before reaching it.,22,INVALID_CONTROLLER,TIMEOUT,0,22,22,False,True,True,False,True,improvement
gpt_sdd_b,2,3,1,easy_open_short_path,easy,straight_line,"Open grid, no obstacles, short path.",20,GOAL_REACHED,GOAL_REACHED,4,4,0,False,False,False,False,False,same
gpt_sdd_b,2,3,2,easy_single_obstacle_detour,easy,single_detour,Single obstacle on the direct path requiring one simple detour.,24,GOAL_REACHED,GOAL_REACHED,17,22,5,True,False,True,False,False,regression
gpt_sdd_b,2,3,3,easy_l_wall_one_turn,easy,single_detour,L-shaped wall forcing a simple route with one major turn.,28,GOAL_REACHED,TIMEOUT,20,28,8,True,True,True,False,True,regression
gpt_sdd_b,2,3,4,easy_corner_goal_blocked,easy,single_detour,Goal is in a corner with one obstacle blocking the most direct route.,26,GOAL_REACHED,TIMEOUT,15,26,11,True,True,True,False,True,regression
gpt_sdd_b,2,3,5,easy_two_isolated_obstacles,easy,single_detour,Slightly longer path with two isolated obstacles on the direct route.,30,GOAL_REACHED,TIMEOUT,19,30,11,True,True,True,False,True,regression
gpt_sdd_b,2,3,6,medium_straight_narrow_corridor,medium,corridor,Narrow one-cell-wide corridor running straight through the map.,15,GOAL_REACHED,TIMEOUT,7,15,8,True,True,True,False,True,regression
gpt_sdd_b,2,3,7,medium_s_shaped_path,medium,corridor,S-shaped corridor with two forced turns.,20,TIMEOUT,TIMEOUT,20,20,0,True,False,False,True,False,drift
gpt_sdd_b,2,3,8,medium_central_obstacle,medium,single_detour,Large central obstacle can be navigated around either side.,20,TIMEOUT,TIMEOUT,20,20,0,True,False,False,True,False,drift
gpt_sdd_b,2,3,9,medium_single_valid_detour,medium,single_detour,Direct route is blocked and only one detour gap is available.,18,TIMEOUT,TIMEOUT,18,18,0,True,False,False,True,False,drift
gpt_sdd_b,2,3,10,medium_dead_end_corridors,medium,dead_end,Two corridor choices exist; one is a dead end and one reaches the goal.,20,TIMEOUT,TIMEOUT,20,20,0,True,False,False,True,False,drift
gpt_sdd_b,2,3,11,hard_maze_one_dead_end,hard,dead_end,Maze-like layout with one dead end before the correct path.,24,TIMEOUT,TIMEOUT,24,24,0,True,False,False,True,False,drift
gpt_sdd_b,2,3,12,hard_u_trap_goal,hard,counterintuitive,U-shaped trap in front of the goal requiring the robot to go around.,24,TIMEOUT,TIMEOUT,24,24,0,True,False,False,True,False,drift
gpt_sdd_b,2,3,13,hard_long_detour_budget,hard,counterintuitive,Long detour required; naive direct movement exhausts the tight budget.,26,TIMEOUT,TIMEOUT,26,26,0,True,False,False,True,False,drift
gpt_sdd_b,2,3,14,hard_two_dead_ends,hard,dead_end,"Two dead ends and one correct path, with the correct route initially counterintuitive.",28,GOAL_REACHED,TIMEOUT,24,28,4,True,True,True,False,True,regression
gpt_sdd_b,2,3,15,hard_move_away_corridor,hard,counterintuitive,Corridor forces the robot to move away from the nearby goal before reaching it.,22,TIMEOUT,TIMEOUT,22,22,0,True,False,False,True,False,drift
gpt_sdd_b,3,4,1,easy_open_short_path,easy,straight_line,"Open grid, no obstacles, short path.",20,GOAL_REACHED,GOAL_REACHED,4,4,0,False,False,False,False,False,same
gpt_sdd_b,3,4,2,easy_single_obstacle_detour,easy,single_detour,Single obstacle on the direct path requiring one simple detour.,24,GOAL_REACHED,GOAL_REACHED,22,22,0,False,False,False,False,False,same
gpt_sdd_b,3,4,3,easy_l_wall_one_turn,easy,single_detour,L-shaped wall forcing a simple route with one major turn.,28,TIMEOUT,TIMEOUT,28,28,0,True,False,False,True,False,drift
gpt_sdd_b,3,4,4,easy_corner_goal_blocked,easy,single_detour,Goal is in a corner with one obstacle blocking the most direct route.,26,TIMEOUT,GOAL_REACHED,26,15,-11,True,True,True,False,True,improvement
gpt_sdd_b,3,4,5,easy_two_isolated_obstacles,easy,single_detour,Slightly longer path with two isolated obstacles on the direct route.,30,TIMEOUT,GOAL_REACHED,30,27,-3,True,True,True,False,True,improvement
gpt_sdd_b,3,4,6,medium_straight_narrow_corridor,medium,corridor,Narrow one-cell-wide corridor running straight through the map.,15,TIMEOUT,GOAL_REACHED,15,7,-8,True,True,True,False,True,improvement
gpt_sdd_b,3,4,7,medium_s_shaped_path,medium,corridor,S-shaped corridor with two forced turns.,20,TIMEOUT,TIMEOUT,20,20,0,True,False,False,True,False,drift
gpt_sdd_b,3,4,8,medium_central_obstacle,medium,single_detour,Large central obstacle can be navigated around either side.,20,TIMEOUT,TIMEOUT,20,20,0,True,False,False,True,False,drift
gpt_sdd_b,3,4,9,medium_single_valid_detour,medium,single_detour,Direct route is blocked and only one detour gap is available.,18,TIMEOUT,TIMEOUT,18,18,0,True,False,False,True,False,drift
gpt_sdd_b,3,4,10,medium_dead_end_corridors,medium,dead_end,Two corridor choices exist; one is a dead end and one reaches the goal.,20,TIMEOUT,TIMEOUT,20,20,0,True,False,False,True,False,drift
gpt_sdd_b,3,4,11,hard_maze_one_dead_end,hard,dead_end,Maze-like layout with one dead end before the correct path.,24,TIMEOUT,TIMEOUT,24,24,0,True,False,False,True,False,drift
gpt_sdd_b,3,4,12,hard_u_trap_goal,hard,counterintuitive,U-shaped trap in front of the goal requiring the robot to go around.,24,TIMEOUT,TIMEOUT,24,24,0,True,False,False,True,False,drift
gpt_sdd_b,3,4,13,hard_long_detour_budget,hard,counterintuitive,Long detour required; naive direct movement exhausts the tight budget.,26,TIMEOUT,TIMEOUT,26,26,0,True,False,False,True,False,drift
gpt_sdd_b,3,4,14,hard_two_dead_ends,hard,dead_end,"Two dead ends and one correct path, with the correct route initially counterintuitive.",28,TIMEOUT,TIMEOUT,28,28,0,True,False,False,True,False,drift
gpt_sdd_b,3,4,15,hard_move_away_corridor,hard,counterintuitive,Corridor forces the robot to move away from the nearby goal before reaching it.,22,TIMEOUT,TIMEOUT,22,22,0,True,False,False,True,False,drift
gpt_sdd_c,1,2,1,easy_open_short_path,easy,straight_line,"Open grid, no obstacles, short path.",20,INVALID_CONTROLLER,GOAL_REACHED,0,4,4,False,True,True,False,True,improvement
gpt_sdd_c,1,2,2,easy_single_obstacle_detour,easy,single_detour,Single obstacle on the direct path requiring one simple detour.,24,INVALID_CONTROLLER,GOAL_REACHED,0,14,14,False,True,True,False,True,improvement
gpt_sdd_c,1,2,3,easy_l_wall_one_turn,easy,single_detour,L-shaped wall forcing a simple route with one major turn.,28,INVALID_CONTROLLER,GOAL_REACHED,0,15,15,False,True,True,False,True,improvement
gpt_sdd_c,1,2,4,easy_corner_goal_blocked,easy,single_detour,Goal is in a corner with one obstacle blocking the most direct route.,26,INVALID_CONTROLLER,GOAL_REACHED,0,15,15,False,True,True,False,True,improvement
gpt_sdd_c,1,2,5,easy_two_isolated_obstacles,easy,single_detour,Slightly longer path with two isolated obstacles on the direct route.,30,INVALID_CONTROLLER,GOAL_REACHED,0,16,16,False,True,True,False,True,improvement
gpt_sdd_c,1,2,6,medium_straight_narrow_corridor,medium,corridor,Narrow one-cell-wide corridor running straight through the map.,15,INVALID_CONTROLLER,GOAL_REACHED,0,7,7,False,True,True,False,True,improvement
gpt_sdd_c,1,2,7,medium_s_shaped_path,medium,corridor,S-shaped corridor with two forced turns.,20,INVALID_CONTROLLER,TIMEOUT,0,20,20,False,True,True,False,True,improvement
gpt_sdd_c,1,2,8,medium_central_obstacle,medium,single_detour,Large central obstacle can be navigated around either side.,20,INVALID_CONTROLLER,TIMEOUT,0,20,20,False,True,True,False,True,improvement
gpt_sdd_c,1,2,9,medium_single_valid_detour,medium,single_detour,Direct route is blocked and only one detour gap is available.,18,INVALID_CONTROLLER,TIMEOUT,0,18,18,False,True,True,False,True,improvement
gpt_sdd_c,1,2,10,medium_dead_end_corridors,medium,dead_end,Two corridor choices exist; one is a dead end and one reaches the goal.,20,INVALID_CONTROLLER,TIMEOUT,0,20,20,False,True,True,False,True,improvement
gpt_sdd_c,1,2,11,hard_maze_one_dead_end,hard,dead_end,Maze-like layout with one dead end before the correct path.,24,INVALID_CONTROLLER,GOAL_REACHED,0,19,19,False,True,True,False,True,improvement
gpt_sdd_c,1,2,12,hard_u_trap_goal,hard,counterintuitive,U-shaped trap in front of the goal requiring the robot to go around.,24,INVALID_CONTROLLER,TIMEOUT,0,24,24,False,True,True,False,True,improvement
gpt_sdd_c,1,2,13,hard_long_detour_budget,hard,counterintuitive,Long detour required; naive direct movement exhausts the tight budget.,26,INVALID_CONTROLLER,TIMEOUT,0,26,26,False,True,True,False,True,improvement
gpt_sdd_c,1,2,14,hard_two_dead_ends,hard,dead_end,"Two dead ends and one correct path, with the correct route initially counterintuitive.",28,INVALID_CONTROLLER,TIMEOUT,0,28,28,False,True,True,False,True,improvement
gpt_sdd_c,1,2,15,hard_move_away_corridor,hard,counterintuitive,Corridor forces the robot to move away from the nearby goal before reaching it.,22,INVALID_CONTROLLER,TIMEOUT,0,22,22,False,True,True,False,True,improvement
gpt_sdd_c,2,3,1,easy_open_short_path,easy,straight_line,"Open grid, no obstacles, short path.",20,GOAL_REACHED,GOAL_REACHED,4,4,0,False,False,False,False,False,same
gpt_sdd_c,2,3,2,easy_single_obstacle_detour,easy,single_detour,Single obstacle on the direct path requiring one simple detour.,24,GOAL_REACHED,TIMEOUT,14,24,10,True,True,True,False,True,regression
gpt_sdd_c,2,3,3,easy_l_wall_one_turn,easy,single_detour,L-shaped wall forcing a simple route with one major turn.,28,GOAL_REACHED,TIMEOUT,15,28,13,True,True,True,False,True,regression
gpt_sdd_c,2,3,4,easy_corner_goal_blocked,easy,single_detour,Goal is in a corner with one obstacle blocking the most direct route.,26,GOAL_REACHED,TIMEOUT,15,26,11,True,True,True,False,True,regression
gpt_sdd_c,2,3,5,easy_two_isolated_obstacles,easy,single_detour,Slightly longer path with two isolated obstacles on the direct route.,30,GOAL_REACHED,TIMEOUT,16,30,14,True,True,True,False,True,regression
gpt_sdd_c,2,3,6,medium_straight_narrow_corridor,medium,corridor,Narrow one-cell-wide corridor running straight through the map.,15,GOAL_REACHED,TIMEOUT,7,15,8,True,True,True,False,True,regression
gpt_sdd_c,2,3,7,medium_s_shaped_path,medium,corridor,S-shaped corridor with two forced turns.,20,TIMEOUT,TIMEOUT,20,20,0,True,False,False,True,False,drift
gpt_sdd_c,2,3,8,medium_central_obstacle,medium,single_detour,Large central obstacle can be navigated around either side.,20,TIMEOUT,TIMEOUT,20,20,0,True,False,False,True,False,drift
gpt_sdd_c,2,3,9,medium_single_valid_detour,medium,single_detour,Direct route is blocked and only one detour gap is available.,18,TIMEOUT,TIMEOUT,18,18,0,True,False,False,True,False,drift
gpt_sdd_c,2,3,10,medium_dead_end_corridors,medium,dead_end,Two corridor choices exist; one is a dead end and one reaches the goal.,20,TIMEOUT,TIMEOUT,20,20,0,True,False,False,True,False,drift
gpt_sdd_c,2,3,11,hard_maze_one_dead_end,hard,dead_end,Maze-like layout with one dead end before the correct path.,24,GOAL_REACHED,TIMEOUT,19,24,5,True,True,True,False,True,regression
gpt_sdd_c,2,3,12,hard_u_trap_goal,hard,counterintuitive,U-shaped trap in front of the goal requiring the robot to go around.,24,TIMEOUT,TIMEOUT,24,24,0,True,False,False,True,False,drift
gpt_sdd_c,2,3,13,hard_long_detour_budget,hard,counterintuitive,Long detour required; naive direct movement exhausts the tight budget.,26,TIMEOUT,TIMEOUT,26,26,0,True,False,False,True,False,drift
gpt_sdd_c,2,3,14,hard_two_dead_ends,hard,dead_end,"Two dead ends and one correct path, with the correct route initially counterintuitive.",28,TIMEOUT,TIMEOUT,28,28,0,True,False,False,True,False,drift
gpt_sdd_c,2,3,15,hard_move_away_corridor,hard,counterintuitive,Corridor forces the robot to move away from the nearby goal before reaching it.,22,TIMEOUT,TIMEOUT,22,22,0,True,False,False,True,False,drift
gpt_sdd_c,3,4,1,easy_open_short_path,easy,straight_line,"Open grid, no obstacles, short path.",20,GOAL_REACHED,GOAL_REACHED,4,4,0,False,False,False,False,False,same
gpt_sdd_c,3,4,2,easy_single_obstacle_detour,easy,single_detour,Single obstacle on the direct path requiring one simple detour.,24,TIMEOUT,TIMEOUT,24,24,0,True,False,False,True,False,drift
gpt_sdd_c,3,4,3,easy_l_wall_one_turn,easy,single_detour,L-shaped wall forcing a simple route with one major turn.,28,TIMEOUT,GOAL_REACHED,28,27,-1,True,True,True,False,True,improvement
gpt_sdd_c,3,4,4,easy_corner_goal_blocked,easy,single_detour,Goal is in a corner with one obstacle blocking the most direct route.,26,TIMEOUT,GOAL_REACHED,26,15,-11,True,True,True,False,True,improvement
gpt_sdd_c,3,4,5,easy_two_isolated_obstacles,easy,single_detour,Slightly longer path with two isolated obstacles on the direct route.,30,TIMEOUT,TIMEOUT,30,30,0,True,False,False,True,False,drift
gpt_sdd_c,3,4,6,medium_straight_narrow_corridor,medium,corridor,Narrow one-cell-wide corridor running straight through the map.,15,TIMEOUT,GOAL_REACHED,15,10,-5,True,True,True,False,True,improvement
gpt_sdd_c,3,4,7,medium_s_shaped_path,medium,corridor,S-shaped corridor with two forced turns.,20,TIMEOUT,TIMEOUT,20,20,0,True,False,False,True,False,drift
gpt_sdd_c,3,4,8,medium_central_obstacle,medium,single_detour,Large central obstacle can be navigated around either side.,20,TIMEOUT,TIMEOUT,20,20,0,True,False,False,True,False,drift
gpt_sdd_c,3,4,9,medium_single_valid_detour,medium,single_detour,Direct route is blocked and only one detour gap is available.,18,TIMEOUT,TIMEOUT,18,18,0,True,False,False,True,False,drift
gpt_sdd_c,3,4,10,medium_dead_end_corridors,medium,dead_end,Two corridor choices exist; one is a dead end and one reaches the goal.,20,TIMEOUT,TIMEOUT,20,20,0,True,False,False,True,False,drift
gpt_sdd_c,3,4,11,hard_maze_one_dead_end,hard,dead_end,Maze-like layout with one dead end before the correct path.,24,TIMEOUT,TIMEOUT,24,24,0,True,False,False,True,False,drift
gpt_sdd_c,3,4,12,hard_u_trap_goal,hard,counterintuitive,U-shaped trap in front of the goal requiring the robot to go around.,24,TIMEOUT,TIMEOUT,24,24,0,True,False,False,True,False,drift
gpt_sdd_c,3,4,13,hard_long_detour_budget,hard,counterintuitive,Long detour required; naive direct movement exhausts the tight budget.,26,TIMEOUT,TIMEOUT,26,26,0,True,False,False,True,False,drift
gpt_sdd_c,3,4,14,hard_two_dead_ends,hard,dead_end,"Two dead ends and one correct path, with the correct route initially counterintuitive.",28,TIMEOUT,TIMEOUT,28,28,0,True,False,False,True,False,drift
gpt_sdd_c,3,4,15,hard_move_away_corridor,hard,counterintuitive,Corridor forces the robot to move away from the nearby goal before reaching it.,22,TIMEOUT,TIMEOUT,22,22,0,True,False,False,True,False,drift
opus_pdd,1,2,1,easy_open_short_path,easy,straight_line,"Open grid, no obstacles, short path.",20,TIMEOUT,TIMEOUT,20,20,0,False,False,False,False,False,same
opus_pdd,1,2,2,easy_single_obstacle_detour,easy,single_detour,Single obstacle on the direct path requiring one simple detour.,24,TIMEOUT,TIMEOUT,24,24,0,False,False,False,False,False,same
opus_pdd,1,2,3,easy_l_wall_one_turn,easy,single_detour,L-shaped wall forcing a simple route with one major turn.,28,TIMEOUT,TIMEOUT,28,28,0,False,False,False,False,False,same
opus_pdd,1,2,4,easy_corner_goal_blocked,easy,single_detour,Goal is in a corner with one obstacle blocking the most direct route.,26,TIMEOUT,TIMEOUT,26,26,0,False,False,False,False,False,same
opus_pdd,1,2,5,easy_two_isolated_obstacles,easy,single_detour,Slightly longer path with two isolated obstacles on the direct route.,30,TIMEOUT,TIMEOUT,30,30,0,False,False,False,False,False,same
opus_pdd,1,2,6,medium_straight_narrow_corridor,medium,corridor,Narrow one-cell-wide corridor running straight through the map.,15,TIMEOUT,TIMEOUT,15,15,0,False,False,False,False,False,same
opus_pdd,1,2,7,medium_s_shaped_path,medium,corridor,S-shaped corridor with two forced turns.,20,TIMEOUT,TIMEOUT,20,20,0,False,False,False,False,False,same
opus_pdd,1,2,8,medium_central_obstacle,medium,single_detour,Large central obstacle can be navigated around either side.,20,TIMEOUT,TIMEOUT,20,20,0,False,False,False,False,False,same
opus_pdd,1,2,9,medium_single_valid_detour,medium,single_detour,Direct route is blocked and only one detour gap is available.,18,TIMEOUT,TIMEOUT,18,18,0,False,False,False,False,False,same
opus_pdd,1,2,10,medium_dead_end_corridors,medium,dead_end,Two corridor choices exist; one is a dead end and one reaches the goal.,20,TIMEOUT,TIMEOUT,20,20,0,False,False,False,False,False,same
opus_pdd,1,2,11,hard_maze_one_dead_end,hard,dead_end,Maze-like layout with one dead end before the correct path.,24,TIMEOUT,TIMEOUT,24,24,0,False,False,False,False,False,same
opus_pdd,1,2,12,hard_u_trap_goal,hard,counterintuitive,U-shaped trap in front of the goal requiring the robot to go around.,24,TIMEOUT,TIMEOUT,24,24,0,False,False,False,False,False,same
opus_pdd,1,2,13,hard_long_detour_budget,hard,counterintuitive,Long detour required; naive direct movement exhausts the tight budget.,26,TIMEOUT,TIMEOUT,26,26,0,False,False,False,False,False,same
opus_pdd,1,2,14,hard_two_dead_ends,hard,dead_end,"Two dead ends and one correct path, with the correct route initially counterintuitive.",28,TIMEOUT,TIMEOUT,28,28,0,False,False,False,False,False,same
opus_pdd,1,2,15,hard_move_away_corridor,hard,counterintuitive,Corridor forces the robot to move away from the nearby goal before reaching it.,22,TIMEOUT,TIMEOUT,22,22,0,False,False,False,False,False,same
opus_pdd,2,3,1,easy_open_short_path,easy,straight_line,"Open grid, no obstacles, short path.",20,TIMEOUT,TIMEOUT,20,20,0,False,False,False,False,False,same
opus_pdd,2,3,2,easy_single_obstacle_detour,easy,single_detour,Single obstacle on the direct path requiring one simple detour.,24,TIMEOUT,TIMEOUT,24,24,0,False,False,False,False,False,same
opus_pdd,2,3,3,easy_l_wall_one_turn,easy,single_detour,L-shaped wall forcing a simple route with one major turn.,28,TIMEOUT,TIMEOUT,28,28,0,False,False,False,False,False,same
opus_pdd,2,3,4,easy_corner_goal_blocked,easy,single_detour,Goal is in a corner with one obstacle blocking the most direct route.,26,TIMEOUT,TIMEOUT,26,26,0,False,False,False,False,False,same
opus_pdd,2,3,5,easy_two_isolated_obstacles,easy,single_detour,Slightly longer path with two isolated obstacles on the direct route.,30,TIMEOUT,TIMEOUT,30,30,0,False,False,False,False,False,same
opus_pdd,2,3,6,medium_straight_narrow_corridor,medium,corridor,Narrow one-cell-wide corridor running straight through the map.,15,TIMEOUT,TIMEOUT,15,15,0,False,False,False,False,False,same
opus_pdd,2,3,7,medium_s_shaped_path,medium,corridor,S-shaped corridor with two forced turns.,20,TIMEOUT,TIMEOUT,20,20,0,False,False,False,False,False,same
opus_pdd,2,3,8,medium_central_obstacle,medium,single_detour,Large central obstacle can be navigated around either side.,20,TIMEOUT,TIMEOUT,20,20,0,False,False,False,False,False,same
opus_pdd,2,3,9,medium_single_valid_detour,medium,single_detour,Direct route is blocked and only one detour gap is available.,18,TIMEOUT,TIMEOUT,18,18,0,False,False,False,False,False,same
opus_pdd,2,3,10,medium_dead_end_corridors,medium,dead_end,Two corridor choices exist; one is a dead end and one reaches the goal.,20,TIMEOUT,TIMEOUT,20,20,0,False,False,False,False,False,same
opus_pdd,2,3,11,hard_maze_one_dead_end,hard,dead_end,Maze-like layout with one dead end before the correct path.,24,TIMEOUT,TIMEOUT,24,24,0,False,False,False,False,False,same
opus_pdd,2,3,12,hard_u_trap_goal,hard,counterintuitive,U-shaped trap in front of the goal requiring the robot to go around.,24,TIMEOUT,TIMEOUT,24,24,0,False,False,False,False,False,same
opus_pdd,2,3,13,hard_long_detour_budget,hard,counterintuitive,Long detour required; naive direct movement exhausts the tight budget.,26,TIMEOUT,TIMEOUT,26,26,0,False,False,False,False,False,same
opus_pdd,2,3,14,hard_two_dead_ends,hard,dead_end,"Two dead ends and one correct path, with the correct route initially counterintuitive.",28,TIMEOUT,TIMEOUT,28,28,0,False,False,False,False,False,same
opus_pdd,2,3,15,hard_move_away_corridor,hard,counterintuitive,Corridor forces the robot to move away from the nearby goal before reaching it.,22,TIMEOUT,TIMEOUT,22,22,0,False,False,False,False,False,same
opus_pdd,3,4,1,easy_open_short_path,easy,straight_line,"Open grid, no obstacles, short path.",20,TIMEOUT,TIMEOUT,20,20,0,False,False,False,False,False,same
opus_pdd,3,4,2,easy_single_obstacle_detour,easy,single_detour,Single obstacle on the direct path requiring one simple detour.,24,TIMEOUT,TIMEOUT,24,24,0,False,False,False,False,False,same
opus_pdd,3,4,3,easy_l_wall_one_turn,easy,single_detour,L-shaped wall forcing a simple route with one major turn.,28,TIMEOUT,TIMEOUT,28,28,0,False,False,False,False,False,same
opus_pdd,3,4,4,easy_corner_goal_blocked,easy,single_detour,Goal is in a corner with one obstacle blocking the most direct route.,26,TIMEOUT,TIMEOUT,26,26,0,False,False,False,False,False,same
opus_pdd,3,4,5,easy_two_isolated_obstacles,easy,single_detour,Slightly longer path with two isolated obstacles on the direct route.,30,TIMEOUT,TIMEOUT,30,30,0,False,False,False,False,False,same
opus_pdd,3,4,6,medium_straight_narrow_corridor,medium,corridor,Narrow one-cell-wide corridor running straight through the map.,15,TIMEOUT,TIMEOUT,15,15,0,False,False,False,False,False,same
opus_pdd,3,4,7,medium_s_shaped_path,medium,corridor,S-shaped corridor with two forced turns.,20,TIMEOUT,TIMEOUT,20,20,0,False,False,False,False,False,same
opus_pdd,3,4,8,medium_central_obstacle,medium,single_detour,Large central obstacle can be navigated around either side.,20,TIMEOUT,TIMEOUT,20,20,0,False,False,False,False,False,same
opus_pdd,3,4,9,medium_single_valid_detour,medium,single_detour,Direct route is blocked and only one detour gap is available.,18,TIMEOUT,TIMEOUT,18,18,0,False,False,False,False,False,same
opus_pdd,3,4,10,medium_dead_end_corridors,medium,dead_end,Two corridor choices exist; one is a dead end and one reaches the goal.,20,TIMEOUT,TIMEOUT,20,20,0,False,False,False,False,False,same
opus_pdd,3,4,11,hard_maze_one_dead_end,hard,dead_end,Maze-like layout with one dead end before the correct path.,24,TIMEOUT,TIMEOUT,24,24,0,False,False,False,False,False,same
opus_pdd,3,4,12,hard_u_trap_goal,hard,counterintuitive,U-shaped trap in front of the goal requiring the robot to go around.,24,TIMEOUT,TIMEOUT,24,24,0,False,False,False,False,False,same
opus_pdd,3,4,13,hard_long_detour_budget,hard,counterintuitive,Long detour required; naive direct movement exhausts the tight budget.,26,TIMEOUT,TIMEOUT,26,26,0,False,False,False,False,False,same
opus_pdd,3,4,14,hard_two_dead_ends,hard,dead_end,"Two dead ends and one correct path, with the correct route initially counterintuitive.",28,TIMEOUT,TIMEOUT,28,28,0,False,False,False,False,False,same
opus_pdd,3,4,15,hard_move_away_corridor,hard,counterintuitive,Corridor forces the robot to move away from the nearby goal before reaching it.,22,TIMEOUT,TIMEOUT,22,22,0,False,False,False,False,False,same
opus_pdd,4,5,1,easy_open_short_path,easy,straight_line,"Open grid, no obstacles, short path.",20,TIMEOUT,TIMEOUT,20,20,0,False,False,False,False,False,same
opus_pdd,4,5,2,easy_single_obstacle_detour,easy,single_detour,Single obstacle on the direct path requiring one simple detour.,24,TIMEOUT,TIMEOUT,24,24,0,False,False,False,False,False,same
opus_pdd,4,5,3,easy_l_wall_one_turn,easy,single_detour,L-shaped wall forcing a simple route with one major turn.,28,TIMEOUT,TIMEOUT,28,28,0,False,False,False,False,False,same
opus_pdd,4,5,4,easy_corner_goal_blocked,easy,single_detour,Goal is in a corner with one obstacle blocking the most direct route.,26,TIMEOUT,TIMEOUT,26,26,0,False,False,False,False,False,same
opus_pdd,4,5,5,easy_two_isolated_obstacles,easy,single_detour,Slightly longer path with two isolated obstacles on the direct route.,30,TIMEOUT,TIMEOUT,30,30,0,False,False,False,False,False,same
opus_pdd,4,5,6,medium_straight_narrow_corridor,medium,corridor,Narrow one-cell-wide corridor running straight through the map.,15,TIMEOUT,TIMEOUT,15,15,0,False,False,False,False,False,same
opus_pdd,4,5,7,medium_s_shaped_path,medium,corridor,S-shaped corridor with two forced turns.,20,TIMEOUT,TIMEOUT,20,20,0,False,False,False,False,False,same
opus_pdd,4,5,8,medium_central_obstacle,medium,single_detour,Large central obstacle can be navigated around either side.,20,TIMEOUT,TIMEOUT,20,20,0,False,False,False,False,False,same
opus_pdd,4,5,9,medium_single_valid_detour,medium,single_detour,Direct route is blocked and only one detour gap is available.,18,TIMEOUT,TIMEOUT,18,18,0,False,False,False,False,False,same
opus_pdd,4,5,10,medium_dead_end_corridors,medium,dead_end,Two corridor choices exist; one is a dead end and one reaches the goal.,20,TIMEOUT,TIMEOUT,20,20,0,False,False,False,False,False,same
opus_pdd,4,5,11,hard_maze_one_dead_end,hard,dead_end,Maze-like layout with one dead end before the correct path.,24,TIMEOUT,TIMEOUT,24,24,0,False,False,False,False,False,same
opus_pdd,4,5,12,hard_u_trap_goal,hard,counterintuitive,U-shaped trap in front of the goal requiring the robot to go around.,24,TIMEOUT,TIMEOUT,24,24,0,False,False,False,False,False,same
opus_pdd,4,5,13,hard_long_detour_budget,hard,counterintuitive,Long detour required; naive direct movement exhausts the tight budget.,26,TIMEOUT,TIMEOUT,26,26,0,False,False,False,False,False,same
opus_pdd,4,5,14,hard_two_dead_ends,hard,dead_end,"Two dead ends and one correct path, with the correct route initially counterintuitive.",28,TIMEOUT,TIMEOUT,28,28,0,False,False,False,False,False,same
opus_pdd,4,5,15,hard_move_away_corridor,hard,counterintuitive,Corridor forces the robot to move away from the nearby goal before reaching it.,22,TIMEOUT,TIMEOUT,22,22,0,False,False,False,False,False,same
opus_pdd_group_a,1,2,1,easy_open_short_path,easy,straight_line,"Open grid, no obstacles, short path.",20,TIMEOUT,TIMEOUT,20,20,0,False,False,False,False,False,same
opus_pdd_group_a,1,2,2,easy_single_obstacle_detour,easy,single_detour,Single obstacle on the direct path requiring one simple detour.,24,TIMEOUT,TIMEOUT,24,24,0,False,False,False,False,False,same
opus_pdd_group_a,1,2,3,easy_l_wall_one_turn,easy,single_detour,L-shaped wall forcing a simple route with one major turn.,28,TIMEOUT,TIMEOUT,28,28,0,False,False,False,False,False,same
opus_pdd_group_a,1,2,4,easy_corner_goal_blocked,easy,single_detour,Goal is in a corner with one obstacle blocking the most direct route.,26,TIMEOUT,TIMEOUT,26,26,0,False,False,False,False,False,same
opus_pdd_group_a,1,2,5,easy_two_isolated_obstacles,easy,single_detour,Slightly longer path with two isolated obstacles on the direct route.,30,TIMEOUT,TIMEOUT,30,30,0,False,False,False,False,False,same
opus_pdd_group_a,1,2,6,medium_straight_narrow_corridor,medium,corridor,Narrow one-cell-wide corridor running straight through the map.,15,TIMEOUT,TIMEOUT,15,15,0,False,False,False,False,False,same
opus_pdd_group_a,1,2,7,medium_s_shaped_path,medium,corridor,S-shaped corridor with two forced turns.,20,TIMEOUT,TIMEOUT,20,20,0,False,False,False,False,False,same
opus_pdd_group_a,1,2,8,medium_central_obstacle,medium,single_detour,Large central obstacle can be navigated around either side.,20,TIMEOUT,TIMEOUT,20,20,0,False,False,False,False,False,same
opus_pdd_group_a,1,2,9,medium_single_valid_detour,medium,single_detour,Direct route is blocked and only one detour gap is available.,18,TIMEOUT,TIMEOUT,18,18,0,False,False,False,False,False,same
opus_pdd_group_a,1,2,10,medium_dead_end_corridors,medium,dead_end,Two corridor choices exist; one is a dead end and one reaches the goal.,20,TIMEOUT,TIMEOUT,20,20,0,False,False,False,False,False,same
opus_pdd_group_a,1,2,11,hard_maze_one_dead_end,hard,dead_end,Maze-like layout with one dead end before the correct path.,24,TIMEOUT,TIMEOUT,24,24,0,False,False,False,False,False,same
opus_pdd_group_a,1,2,12,hard_u_trap_goal,hard,counterintuitive,U-shaped trap in front of the goal requiring the robot to go around.,24,TIMEOUT,TIMEOUT,24,24,0,False,False,False,False,False,same
opus_pdd_group_a,1,2,13,hard_long_detour_budget,hard,counterintuitive,Long detour required; naive direct movement exhausts the tight budget.,26,TIMEOUT,TIMEOUT,26,26,0,False,False,False,False,False,same
opus_pdd_group_a,1,2,14,hard_two_dead_ends,hard,dead_end,"Two dead ends and one correct path, with the correct route initially counterintuitive.",28,TIMEOUT,TIMEOUT,28,28,0,False,False,False,False,False,same
opus_pdd_group_a,1,2,15,hard_move_away_corridor,hard,counterintuitive,Corridor forces the robot to move away from the nearby goal before reaching it.,22,TIMEOUT,TIMEOUT,22,22,0,False,False,False,False,False,same
opus_pdd_group_a,2,3,1,easy_open_short_path,easy,straight_line,"Open grid, no obstacles, short path.",20,TIMEOUT,TIMEOUT,20,20,0,False,False,False,False,False,same
opus_pdd_group_a,2,3,2,easy_single_obstacle_detour,easy,single_detour,Single obstacle on the direct path requiring one simple detour.,24,TIMEOUT,TIMEOUT,24,24,0,False,False,False,False,False,same
opus_pdd_group_a,2,3,3,easy_l_wall_one_turn,easy,single_detour,L-shaped wall forcing a simple route with one major turn.,28,TIMEOUT,TIMEOUT,28,28,0,False,False,False,False,False,same
opus_pdd_group_a,2,3,4,easy_corner_goal_blocked,easy,single_detour,Goal is in a corner with one obstacle blocking the most direct route.,26,TIMEOUT,TIMEOUT,26,26,0,False,False,False,False,False,same
opus_pdd_group_a,2,3,5,easy_two_isolated_obstacles,easy,single_detour,Slightly longer path with two isolated obstacles on the direct route.,30,TIMEOUT,TIMEOUT,30,30,0,False,False,False,False,False,same
opus_pdd_group_a,2,3,6,medium_straight_narrow_corridor,medium,corridor,Narrow one-cell-wide corridor running straight through the map.,15,TIMEOUT,TIMEOUT,15,15,0,False,False,False,False,False,same
opus_pdd_group_a,2,3,7,medium_s_shaped_path,medium,corridor,S-shaped corridor with two forced turns.,20,TIMEOUT,TIMEOUT,20,20,0,False,False,False,False,False,same
opus_pdd_group_a,2,3,8,medium_central_obstacle,medium,single_detour,Large central obstacle can be navigated around either side.,20,TIMEOUT,TIMEOUT,20,20,0,False,False,False,False,False,same
opus_pdd_group_a,2,3,9,medium_single_valid_detour,medium,single_detour,Direct route is blocked and only one detour gap is available.,18,TIMEOUT,TIMEOUT,18,18,0,False,False,False,False,False,same
opus_pdd_group_a,2,3,10,medium_dead_end_corridors,medium,dead_end,Two corridor choices exist; one is a dead end and one reaches the goal.,20,TIMEOUT,TIMEOUT,20,20,0,False,False,False,False,False,same
opus_pdd_group_a,2,3,11,hard_maze_one_dead_end,hard,dead_end,Maze-like layout with one dead end before the correct path.,24,TIMEOUT,TIMEOUT,24,24,0,False,False,False,False,False,same
opus_pdd_group_a,2,3,12,hard_u_trap_goal,hard,counterintuitive,U-shaped trap in front of the goal requiring the robot to go around.,24,TIMEOUT,TIMEOUT,24,24,0,False,False,False,False,False,same
opus_pdd_group_a,2,3,13,hard_long_detour_budget,hard,counterintuitive,Long detour required; naive direct movement exhausts the tight budget.,26,TIMEOUT,TIMEOUT,26,26,0,False,False,False,False,False,same
opus_pdd_group_a,2,3,14,hard_two_dead_ends,hard,dead_end,"Two dead ends and one correct path, with the correct route initially counterintuitive.",28,TIMEOUT,TIMEOUT,28,28,0,False,False,False,False,False,same
opus_pdd_group_a,2,3,15,hard_move_away_corridor,hard,counterintuitive,Corridor forces the robot to move away from the nearby goal before reaching it.,22,TIMEOUT,TIMEOUT,22,22,0,False,False,False,False,False,same
opus_pdd_group_a,3,4,1,easy_open_short_path,easy,straight_line,"Open grid, no obstacles, short path.",20,TIMEOUT,TIMEOUT,20,20,0,False,False,False,False,False,same
opus_pdd_group_a,3,4,2,easy_single_obstacle_detour,easy,single_detour,Single obstacle on the direct path requiring one simple detour.,24,TIMEOUT,TIMEOUT,24,24,0,False,False,False,False,False,same
opus_pdd_group_a,3,4,3,easy_l_wall_one_turn,easy,single_detour,L-shaped wall forcing a simple route with one major turn.,28,TIMEOUT,TIMEOUT,28,28,0,False,False,False,False,False,same
opus_pdd_group_a,3,4,4,easy_corner_goal_blocked,easy,single_detour,Goal is in a corner with one obstacle blocking the most direct route.,26,TIMEOUT,TIMEOUT,26,26,0,False,False,False,False,False,same
opus_pdd_group_a,3,4,5,easy_two_isolated_obstacles,easy,single_detour,Slightly longer path with two isolated obstacles on the direct route.,30,TIMEOUT,TIMEOUT,30,30,0,False,False,False,False,False,same
opus_pdd_group_a,3,4,6,medium_straight_narrow_corridor,medium,corridor,Narrow one-cell-wide corridor running straight through the map.,15,TIMEOUT,TIMEOUT,15,15,0,False,False,False,False,False,same
opus_pdd_group_a,3,4,7,medium_s_shaped_path,medium,corridor,S-shaped corridor with two forced turns.,20,TIMEOUT,TIMEOUT,20,20,0,False,False,False,False,False,same
opus_pdd_group_a,3,4,8,medium_central_obstacle,medium,single_detour,Large central obstacle can be navigated around either side.,20,TIMEOUT,TIMEOUT,20,20,0,False,False,False,False,False,same
opus_pdd_group_a,3,4,9,medium_single_valid_detour,medium,single_detour,Direct route is blocked and only one detour gap is available.,18,TIMEOUT,TIMEOUT,18,18,0,False,False,False,False,False,same
opus_pdd_group_a,3,4,10,medium_dead_end_corridors,medium,dead_end,Two corridor choices exist; one is a dead end and one reaches the goal.,20,TIMEOUT,TIMEOUT,20,20,0,False,False,False,False,False,same
opus_pdd_group_a,3,4,11,hard_maze_one_dead_end,hard,dead_end,Maze-like layout with one dead end before the correct path.,24,TIMEOUT,TIMEOUT,24,24,0,False,False,False,False,False,same
opus_pdd_group_a,3,4,12,hard_u_trap_goal,hard,counterintuitive,U-shaped trap in front of the goal requiring the robot to go around.,24,TIMEOUT,TIMEOUT,24,24,0,False,False,False,False,False,same
opus_pdd_group_a,3,4,13,hard_long_detour_budget,hard,counterintuitive,Long detour required; naive direct movement exhausts the tight budget.,26,TIMEOUT,TIMEOUT,26,26,0,False,False,False,False,False,same
opus_pdd_group_a,3,4,14,hard_two_dead_ends,hard,dead_end,"Two dead ends and one correct path, with the correct route initially counterintuitive.",28,TIMEOUT,TIMEOUT,28,28,0,False,False,False,False,False,same
opus_pdd_group_a,3,4,15,hard_move_away_corridor,hard,counterintuitive,Corridor forces the robot to move away from the nearby goal before reaching it.,22,TIMEOUT,TIMEOUT,22,22,0,False,False,False,False,False,same
opus_pdd_group_a,4,5,1,easy_open_short_path,easy,straight_line,"Open grid, no obstacles, short path.",20,TIMEOUT,TIMEOUT,20,20,0,False,False,False,False,False,same
opus_pdd_group_a,4,5,2,easy_single_obstacle_detour,easy,single_detour,Single obstacle on the direct path requiring one simple detour.,24,TIMEOUT,TIMEOUT,24,24,0,False,False,False,False,False,same
opus_pdd_group_a,4,5,3,easy_l_wall_one_turn,easy,single_detour,L-shaped wall forcing a simple route with one major turn.,28,TIMEOUT,TIMEOUT,28,28,0,False,False,False,False,False,same
opus_pdd_group_a,4,5,4,easy_corner_goal_blocked,easy,single_detour,Goal is in a corner with one obstacle blocking the most direct route.,26,TIMEOUT,TIMEOUT,26,26,0,False,False,False,False,False,same
opus_pdd_group_a,4,5,5,easy_two_isolated_obstacles,easy,single_detour,Slightly longer path with two isolated obstacles on the direct route.,30,TIMEOUT,TIMEOUT,30,30,0,False,False,False,False,False,same
opus_pdd_group_a,4,5,6,medium_straight_narrow_corridor,medium,corridor,Narrow one-cell-wide corridor running straight through the map.,15,TIMEOUT,TIMEOUT,15,15,0,False,False,False,False,False,same
opus_pdd_group_a,4,5,7,medium_s_shaped_path,medium,corridor,S-shaped corridor with two forced turns.,20,TIMEOUT,TIMEOUT,20,20,0,False,False,False,False,False,same
opus_pdd_group_a,4,5,8,medium_central_obstacle,medium,single_detour,Large central obstacle can be navigated around either side.,20,TIMEOUT,TIMEOUT,20,20,0,False,False,False,False,False,same
opus_pdd_group_a,4,5,9,medium_single_valid_detour,medium,single_detour,Direct route is blocked and only one detour gap is available.,18,TIMEOUT,TIMEOUT,18,18,0,False,False,False,False,False,same
opus_pdd_group_a,4,5,10,medium_dead_end_corridors,medium,dead_end,Two corridor choices exist; one is a dead end and one reaches the goal.,20,TIMEOUT,TIMEOUT,20,20,0,False,False,False,False,False,same
opus_pdd_group_a,4,5,11,hard_maze_one_dead_end,hard,dead_end,Maze-like layout with one dead end before the correct path.,24,TIMEOUT,TIMEOUT,24,24,0,False,False,False,False,False,same
opus_pdd_group_a,4,5,12,hard_u_trap_goal,hard,counterintuitive,U-shaped trap in front of the goal requiring the robot to go around.,24,TIMEOUT,TIMEOUT,24,24,0,False,False,False,False,False,same
opus_pdd_group_a,4,5,13,hard_long_detour_budget,hard,counterintuitive,Long detour required; naive direct movement exhausts the tight budget.,26,TIMEOUT,TIMEOUT,26,26,0,False,False,False,False,False,same
opus_pdd_group_a,4,5,14,hard_two_dead_ends,hard,dead_end,"Two dead ends and one correct path, with the correct route initially counterintuitive.",28,TIMEOUT,TIMEOUT,28,28,0,False,False,False,False,False,same
opus_pdd_group_a,4,5,15,hard_move_away_corridor,hard,counterintuitive,Corridor forces the robot to move away from the nearby goal before reaching it.,22,TIMEOUT,TIMEOUT,22,22,0,False,False,False,False,False,same
opus_pdd_group_a1,1,2,1,easy_open_short_path,easy,straight_line,"Open grid, no obstacles, short path.",20,TIMEOUT,TIMEOUT,20,20,0,False,False,False,False,False,same
opus_pdd_group_a1,1,2,2,easy_single_obstacle_detour,easy,single_detour,Single obstacle on the direct path requiring one simple detour.,24,TIMEOUT,TIMEOUT,24,24,0,False,False,False,False,False,same
opus_pdd_group_a1,1,2,3,easy_l_wall_one_turn,easy,single_detour,L-shaped wall forcing a simple route with one major turn.,28,TIMEOUT,TIMEOUT,28,28,0,False,False,False,False,False,same
opus_pdd_group_a1,1,2,4,easy_corner_goal_blocked,easy,single_detour,Goal is in a corner with one obstacle blocking the most direct route.,26,TIMEOUT,TIMEOUT,26,26,0,False,False,False,False,False,same
opus_pdd_group_a1,1,2,5,easy_two_isolated_obstacles,easy,single_detour,Slightly longer path with two isolated obstacles on the direct route.,30,TIMEOUT,TIMEOUT,30,30,0,False,False,False,False,False,same
opus_pdd_group_a1,1,2,6,medium_straight_narrow_corridor,medium,corridor,Narrow one-cell-wide corridor running straight through the map.,15,TIMEOUT,TIMEOUT,15,15,0,False,False,False,False,False,same
opus_pdd_group_a1,1,2,7,medium_s_shaped_path,medium,corridor,S-shaped corridor with two forced turns.,20,TIMEOUT,TIMEOUT,20,20,0,False,False,False,False,False,same
opus_pdd_group_a1,1,2,8,medium_central_obstacle,medium,single_detour,Large central obstacle can be navigated around either side.,20,TIMEOUT,TIMEOUT,20,20,0,False,False,False,False,False,same
opus_pdd_group_a1,1,2,9,medium_single_valid_detour,medium,single_detour,Direct route is blocked and only one detour gap is available.,18,TIMEOUT,TIMEOUT,18,18,0,False,False,False,False,False,same
opus_pdd_group_a1,1,2,10,medium_dead_end_corridors,medium,dead_end,Two corridor choices exist; one is a dead end and one reaches the goal.,20,TIMEOUT,TIMEOUT,20,20,0,False,False,False,False,False,same
opus_pdd_group_a1,1,2,11,hard_maze_one_dead_end,hard,dead_end,Maze-like layout with one dead end before the correct path.,24,TIMEOUT,TIMEOUT,24,24,0,False,False,False,False,False,same
opus_pdd_group_a1,1,2,12,hard_u_trap_goal,hard,counterintuitive,U-shaped trap in front of the goal requiring the robot to go around.,24,TIMEOUT,TIMEOUT,24,24,0,False,False,False,False,False,same
opus_pdd_group_a1,1,2,13,hard_long_detour_budget,hard,counterintuitive,Long detour required; naive direct movement exhausts the tight budget.,26,TIMEOUT,TIMEOUT,26,26,0,False,False,False,False,False,same
opus_pdd_group_a1,1,2,14,hard_two_dead_ends,hard,dead_end,"Two dead ends and one correct path, with the correct route initially counterintuitive.",28,TIMEOUT,TIMEOUT,28,28,0,False,False,False,False,False,same
opus_pdd_group_a1,1,2,15,hard_move_away_corridor,hard,counterintuitive,Corridor forces the robot to move away from the nearby goal before reaching it.,22,TIMEOUT,TIMEOUT,22,22,0,False,False,False,False,False,same
opus_pdd_group_a1,2,3,1,easy_open_short_path,easy,straight_line,"Open grid, no obstacles, short path.",20,TIMEOUT,TIMEOUT,20,20,0,False,False,False,False,False,same
opus_pdd_group_a1,2,3,2,easy_single_obstacle_detour,easy,single_detour,Single obstacle on the direct path requiring one simple detour.,24,TIMEOUT,TIMEOUT,24,24,0,False,False,False,False,False,same
opus_pdd_group_a1,2,3,3,easy_l_wall_one_turn,easy,single_detour,L-shaped wall forcing a simple route with one major turn.,28,TIMEOUT,TIMEOUT,28,28,0,False,False,False,False,False,same
opus_pdd_group_a1,2,3,4,easy_corner_goal_blocked,easy,single_detour,Goal is in a corner with one obstacle blocking the most direct route.,26,TIMEOUT,TIMEOUT,26,26,0,False,False,False,False,False,same
opus_pdd_group_a1,2,3,5,easy_two_isolated_obstacles,easy,single_detour,Slightly longer path with two isolated obstacles on the direct route.,30,TIMEOUT,TIMEOUT,30,30,0,False,False,False,False,False,same
opus_pdd_group_a1,2,3,6,medium_straight_narrow_corridor,medium,corridor,Narrow one-cell-wide corridor running straight through the map.,15,TIMEOUT,TIMEOUT,15,15,0,False,False,False,False,False,same
opus_pdd_group_a1,2,3,7,medium_s_shaped_path,medium,corridor,S-shaped corridor with two forced turns.,20,TIMEOUT,TIMEOUT,20,20,0,False,False,False,False,False,same
opus_pdd_group_a1,2,3,8,medium_central_obstacle,medium,single_detour,Large central obstacle can be navigated around either side.,20,TIMEOUT,TIMEOUT,20,20,0,False,False,False,False,False,same
opus_pdd_group_a1,2,3,9,medium_single_valid_detour,medium,single_detour,Direct route is blocked and only one detour gap is available.,18,TIMEOUT,TIMEOUT,18,18,0,False,False,False,False,False,same
opus_pdd_group_a1,2,3,10,medium_dead_end_corridors,medium,dead_end,Two corridor choices exist; one is a dead end and one reaches the goal.,20,TIMEOUT,TIMEOUT,20,20,0,False,False,False,False,False,same
opus_pdd_group_a1,2,3,11,hard_maze_one_dead_end,hard,dead_end,Maze-like layout with one dead end before the correct path.,24,TIMEOUT,TIMEOUT,24,24,0,False,False,False,False,False,same
opus_pdd_group_a1,2,3,12,hard_u_trap_goal,hard,counterintuitive,U-shaped trap in front of the goal requiring the robot to go around.,24,TIMEOUT,TIMEOUT,24,24,0,False,False,False,False,False,same
opus_pdd_group_a1,2,3,13,hard_long_detour_budget,hard,counterintuitive,Long detour required; naive direct movement exhausts the tight budget.,26,TIMEOUT,TIMEOUT,26,26,0,False,False,False,False,False,same
opus_pdd_group_a1,2,3,14,hard_two_dead_ends,hard,dead_end,"Two dead ends and one correct path, with the correct route initially counterintuitive.",28,TIMEOUT,TIMEOUT,28,28,0,False,False,False,False,False,same
opus_pdd_group_a1,2,3,15,hard_move_away_corridor,hard,counterintuitive,Corridor forces the robot to move away from the nearby goal before reaching it.,22,TIMEOUT,TIMEOUT,22,22,0,False,False,False,False,False,same
opus_pdd_group_a2,4,5,1,easy_open_short_path,easy,straight_line,"Open grid, no obstacles, short path.",20,TIMEOUT,TIMEOUT,20,20,0,False,False,False,False,False,same
opus_pdd_group_a2,4,5,2,easy_single_obstacle_detour,easy,single_detour,Single obstacle on the direct path requiring one simple detour.,24,TIMEOUT,TIMEOUT,24,24,0,False,False,False,False,False,same
opus_pdd_group_a2,4,5,3,easy_l_wall_one_turn,easy,single_detour,L-shaped wall forcing a simple route with one major turn.,28,TIMEOUT,TIMEOUT,28,28,0,False,False,False,False,False,same
opus_pdd_group_a2,4,5,4,easy_corner_goal_blocked,easy,single_detour,Goal is in a corner with one obstacle blocking the most direct route.,26,TIMEOUT,TIMEOUT,26,26,0,False,False,False,False,False,same
opus_pdd_group_a2,4,5,5,easy_two_isolated_obstacles,easy,single_detour,Slightly longer path with two isolated obstacles on the direct route.,30,TIMEOUT,TIMEOUT,30,30,0,False,False,False,False,False,same
opus_pdd_group_a2,4,5,6,medium_straight_narrow_corridor,medium,corridor,Narrow one-cell-wide corridor running straight through the map.,15,TIMEOUT,TIMEOUT,15,15,0,False,False,False,False,False,same
opus_pdd_group_a2,4,5,7,medium_s_shaped_path,medium,corridor,S-shaped corridor with two forced turns.,20,TIMEOUT,TIMEOUT,20,20,0,False,False,False,False,False,same
opus_pdd_group_a2,4,5,8,medium_central_obstacle,medium,single_detour,Large central obstacle can be navigated around either side.,20,TIMEOUT,TIMEOUT,20,20,0,False,False,False,False,False,same
opus_pdd_group_a2,4,5,9,medium_single_valid_detour,medium,single_detour,Direct route is blocked and only one detour gap is available.,18,TIMEOUT,TIMEOUT,18,18,0,False,False,False,False,False,same
opus_pdd_group_a2,4,5,10,medium_dead_end_corridors,medium,dead_end,Two corridor choices exist; one is a dead end and one reaches the goal.,20,TIMEOUT,TIMEOUT,20,20,0,False,False,False,False,False,same
opus_pdd_group_a2,4,5,11,hard_maze_one_dead_end,hard,dead_end,Maze-like layout with one dead end before the correct path.,24,TIMEOUT,TIMEOUT,24,24,0,False,False,False,False,False,same
opus_pdd_group_a2,4,5,12,hard_u_trap_goal,hard,counterintuitive,U-shaped trap in front of the goal requiring the robot to go around.,24,TIMEOUT,TIMEOUT,24,24,0,False,False,False,False,False,same
opus_pdd_group_a2,4,5,13,hard_long_detour_budget,hard,counterintuitive,Long detour required; naive direct movement exhausts the tight budget.,26,TIMEOUT,TIMEOUT,26,26,0,False,False,False,False,False,same
opus_pdd_group_a2,4,5,14,hard_two_dead_ends,hard,dead_end,"Two dead ends and one correct path, with the correct route initially counterintuitive.",28,TIMEOUT,TIMEOUT,28,28,0,False,False,False,False,False,same
opus_pdd_group_a2,4,5,15,hard_move_away_corridor,hard,counterintuitive,Corridor forces the robot to move away from the nearby goal before reaching it.,22,TIMEOUT,TIMEOUT,22,22,0,False,False,False,False,False,same
opus_pdd_group_a3,6,7,1,easy_open_short_path,easy,straight_line,"Open grid, no obstacles, short path.",20,TIMEOUT,TIMEOUT,20,20,0,False,False,False,False,False,same
opus_pdd_group_a3,6,7,2,easy_single_obstacle_detour,easy,single_detour,Single obstacle on the direct path requiring one simple detour.,24,TIMEOUT,TIMEOUT,24,24,0,False,False,False,False,False,same
opus_pdd_group_a3,6,7,3,easy_l_wall_one_turn,easy,single_detour,L-shaped wall forcing a simple route with one major turn.,28,TIMEOUT,TIMEOUT,28,28,0,False,False,False,False,False,same
opus_pdd_group_a3,6,7,4,easy_corner_goal_blocked,easy,single_detour,Goal is in a corner with one obstacle blocking the most direct route.,26,TIMEOUT,TIMEOUT,26,26,0,False,False,False,False,False,same
opus_pdd_group_a3,6,7,5,easy_two_isolated_obstacles,easy,single_detour,Slightly longer path with two isolated obstacles on the direct route.,30,TIMEOUT,TIMEOUT,30,30,0,False,False,False,False,False,same
opus_pdd_group_a3,6,7,6,medium_straight_narrow_corridor,medium,corridor,Narrow one-cell-wide corridor running straight through the map.,15,TIMEOUT,TIMEOUT,15,15,0,False,False,False,False,False,same
opus_pdd_group_a3,6,7,7,medium_s_shaped_path,medium,corridor,S-shaped corridor with two forced turns.,20,TIMEOUT,TIMEOUT,20,20,0,False,False,False,False,False,same
opus_pdd_group_a3,6,7,8,medium_central_obstacle,medium,single_detour,Large central obstacle can be navigated around either side.,20,TIMEOUT,TIMEOUT,20,20,0,False,False,False,False,False,same
opus_pdd_group_a3,6,7,9,medium_single_valid_detour,medium,single_detour,Direct route is blocked and only one detour gap is available.,18,TIMEOUT,TIMEOUT,18,18,0,False,False,False,False,False,same
opus_pdd_group_a3,6,7,10,medium_dead_end_corridors,medium,dead_end,Two corridor choices exist; one is a dead end and one reaches the goal.,20,TIMEOUT,TIMEOUT,20,20,0,False,False,False,False,False,same
opus_pdd_group_a3,6,7,11,hard_maze_one_dead_end,hard,dead_end,Maze-like layout with one dead end before the correct path.,24,TIMEOUT,TIMEOUT,24,24,0,False,False,False,False,False,same
opus_pdd_group_a3,6,7,12,hard_u_trap_goal,hard,counterintuitive,U-shaped trap in front of the goal requiring the robot to go around.,24,TIMEOUT,TIMEOUT,24,24,0,False,False,False,False,False,same
opus_pdd_group_a3,6,7,13,hard_long_detour_budget,hard,counterintuitive,Long detour required; naive direct movement exhausts the tight budget.,26,TIMEOUT,TIMEOUT,26,26,0,False,False,False,False,False,same
opus_pdd_group_a3,6,7,14,hard_two_dead_ends,hard,dead_end,"Two dead ends and one correct path, with the correct route initially counterintuitive.",28,TIMEOUT,TIMEOUT,28,28,0,False,False,False,False,False,same
opus_pdd_group_a3,6,7,15,hard_move_away_corridor,hard,counterintuitive,Corridor forces the robot to move away from the nearby goal before reaching it.,22,TIMEOUT,TIMEOUT,22,22,0,False,False,False,False,False,same
opus_pdd_group_b1,1,2,1,easy_open_short_path,easy,straight_line,"Open grid, no obstacles, short path.",20,GOAL_REACHED,GOAL_REACHED,4,4,0,False,False,False,False,False,same
opus_pdd_group_b1,1,2,2,easy_single_obstacle_detour,easy,single_detour,Single obstacle on the direct path requiring one simple detour.,24,TIMEOUT,GOAL_REACHED,24,20,-4,True,True,True,False,True,improvement
opus_pdd_group_b1,1,2,3,easy_l_wall_one_turn,easy,single_detour,L-shaped wall forcing a simple route with one major turn.,28,TIMEOUT,TIMEOUT,28,28,0,True,False,False,True,False,drift
opus_pdd_group_b1,1,2,4,easy_corner_goal_blocked,easy,single_detour,Goal is in a corner with one obstacle blocking the most direct route.,26,TIMEOUT,TIMEOUT,26,26,0,True,False,False,True,False,drift
opus_pdd_group_b1,1,2,5,easy_two_isolated_obstacles,easy,single_detour,Slightly longer path with two isolated obstacles on the direct route.,30,TIMEOUT,TIMEOUT,30,30,0,True,False,False,True,False,drift
opus_pdd_group_b1,1,2,6,medium_straight_narrow_corridor,medium,corridor,Narrow one-cell-wide corridor running straight through the map.,15,GOAL_REACHED,TIMEOUT,7,15,8,True,True,True,False,True,regression
opus_pdd_group_b1,1,2,7,medium_s_shaped_path,medium,corridor,S-shaped corridor with two forced turns.,20,TIMEOUT,TIMEOUT,20,20,0,True,False,False,True,False,drift
opus_pdd_group_b1,1,2,8,medium_central_obstacle,medium,single_detour,Large central obstacle can be navigated around either side.,20,TIMEOUT,TIMEOUT,20,20,0,True,False,False,True,False,drift
opus_pdd_group_b1,1,2,9,medium_single_valid_detour,medium,single_detour,Direct route is blocked and only one detour gap is available.,18,TIMEOUT,TIMEOUT,18,18,0,True,False,False,True,False,drift
opus_pdd_group_b1,1,2,10,medium_dead_end_corridors,medium,dead_end,Two corridor choices exist; one is a dead end and one reaches the goal.,20,TIMEOUT,TIMEOUT,20,20,0,True,False,False,True,False,drift
opus_pdd_group_b1,1,2,11,hard_maze_one_dead_end,hard,dead_end,Maze-like layout with one dead end before the correct path.,24,TIMEOUT,TIMEOUT,24,24,0,True,False,False,True,False,drift
opus_pdd_group_b1,1,2,12,hard_u_trap_goal,hard,counterintuitive,U-shaped trap in front of the goal requiring the robot to go around.,24,TIMEOUT,TIMEOUT,24,24,0,True,False,False,True,False,drift
opus_pdd_group_b1,1,2,13,hard_long_detour_budget,hard,counterintuitive,Long detour required; naive direct movement exhausts the tight budget.,26,TIMEOUT,TIMEOUT,26,26,0,True,False,False,True,False,drift
opus_pdd_group_b1,1,2,14,hard_two_dead_ends,hard,dead_end,"Two dead ends and one correct path, with the correct route initially counterintuitive.",28,TIMEOUT,TIMEOUT,28,28,0,True,False,False,True,False,drift
opus_pdd_group_b1,1,2,15,hard_move_away_corridor,hard,counterintuitive,Corridor forces the robot to move away from the nearby goal before reaching it.,22,TIMEOUT,TIMEOUT,22,22,0,True,False,False,True,False,drift
opus_pdd_group_b1,2,3,1,easy_open_short_path,easy,straight_line,"Open grid, no obstacles, short path.",20,GOAL_REACHED,GOAL_REACHED,4,4,0,False,False,False,False,False,same
opus_pdd_group_b1,2,3,2,easy_single_obstacle_detour,easy,single_detour,Single obstacle on the direct path requiring one simple detour.,24,GOAL_REACHED,GOAL_REACHED,20,20,0,False,False,False,False,False,same
opus_pdd_group_b1,2,3,3,easy_l_wall_one_turn,easy,single_detour,L-shaped wall forcing a simple route with one major turn.,28,TIMEOUT,TIMEOUT,28,28,0,False,False,False,False,False,same
opus_pdd_group_b1,2,3,4,easy_corner_goal_blocked,easy,single_detour,Goal is in a corner with one obstacle blocking the most direct route.,26,TIMEOUT,TIMEOUT,26,26,0,True,False,False,True,False,drift
opus_pdd_group_b1,2,3,5,easy_two_isolated_obstacles,easy,single_detour,Slightly longer path with two isolated obstacles on the direct route.,30,TIMEOUT,TIMEOUT,30,30,0,False,False,False,False,False,same
opus_pdd_group_b1,2,3,6,medium_straight_narrow_corridor,medium,corridor,Narrow one-cell-wide corridor running straight through the map.,15,TIMEOUT,TIMEOUT,15,15,0,False,False,False,False,False,same
opus_pdd_group_b1,2,3,7,medium_s_shaped_path,medium,corridor,S-shaped corridor with two forced turns.,20,TIMEOUT,TIMEOUT,20,20,0,False,False,False,False,False,same
opus_pdd_group_b1,2,3,8,medium_central_obstacle,medium,single_detour,Large central obstacle can be navigated around either side.,20,TIMEOUT,TIMEOUT,20,20,0,False,False,False,False,False,same
opus_pdd_group_b1,2,3,9,medium_single_valid_detour,medium,single_detour,Direct route is blocked and only one detour gap is available.,18,TIMEOUT,TIMEOUT,18,18,0,True,False,False,True,False,drift
opus_pdd_group_b1,2,3,10,medium_dead_end_corridors,medium,dead_end,Two corridor choices exist; one is a dead end and one reaches the goal.,20,TIMEOUT,TIMEOUT,20,20,0,True,False,False,True,False,drift
opus_pdd_group_b1,2,3,11,hard_maze_one_dead_end,hard,dead_end,Maze-like layout with one dead end before the correct path.,24,TIMEOUT,TIMEOUT,24,24,0,True,False,False,True,False,drift
opus_pdd_group_b1,2,3,12,hard_u_trap_goal,hard,counterintuitive,U-shaped trap in front of the goal requiring the robot to go around.,24,TIMEOUT,TIMEOUT,24,24,0,True,False,False,True,False,drift
opus_pdd_group_b1,2,3,13,hard_long_detour_budget,hard,counterintuitive,Long detour required; naive direct movement exhausts the tight budget.,26,TIMEOUT,TIMEOUT,26,26,0,True,False,False,True,False,drift
opus_pdd_group_b1,2,3,14,hard_two_dead_ends,hard,dead_end,"Two dead ends and one correct path, with the correct route initially counterintuitive.",28,TIMEOUT,TIMEOUT,28,28,0,True,False,False,True,False,drift
opus_pdd_group_b1,2,3,15,hard_move_away_corridor,hard,counterintuitive,Corridor forces the robot to move away from the nearby goal before reaching it.,22,TIMEOUT,TIMEOUT,22,22,0,False,False,False,False,False,same
opus_pdd_group_b1,3,4,1,easy_open_short_path,easy,straight_line,"Open grid, no obstacles, short path.",20,GOAL_REACHED,GOAL_REACHED,4,4,0,False,False,False,False,False,same
opus_pdd_group_b1,3,4,2,easy_single_obstacle_detour,easy,single_detour,Single obstacle on the direct path requiring one simple detour.,24,GOAL_REACHED,TIMEOUT,20,24,4,True,True,True,False,True,regression
opus_pdd_group_b1,3,4,3,easy_l_wall_one_turn,easy,single_detour,L-shaped wall forcing a simple route with one major turn.,28,TIMEOUT,TIMEOUT,28,28,0,True,False,False,True,False,drift
opus_pdd_group_b1,3,4,4,easy_corner_goal_blocked,easy,single_detour,Goal is in a corner with one obstacle blocking the most direct route.,26,TIMEOUT,TIMEOUT,26,26,0,True,False,False,True,False,drift
opus_pdd_group_b1,3,4,5,easy_two_isolated_obstacles,easy,single_detour,Slightly longer path with two isolated obstacles on the direct route.,30,TIMEOUT,TIMEOUT,30,30,0,True,False,False,True,False,drift
opus_pdd_group_b1,3,4,6,medium_straight_narrow_corridor,medium,corridor,Narrow one-cell-wide corridor running straight through the map.,15,TIMEOUT,TIMEOUT,15,15,0,True,False,False,True,False,drift
opus_pdd_group_b1,3,4,7,medium_s_shaped_path,medium,corridor,S-shaped corridor with two forced turns.,20,TIMEOUT,TIMEOUT,20,20,0,True,False,False,True,False,drift
opus_pdd_group_b1,3,4,8,medium_central_obstacle,medium,single_detour,Large central obstacle can be navigated around either side.,20,TIMEOUT,GOAL_REACHED,20,16,-4,True,True,True,False,True,improvement
opus_pdd_group_b1,3,4,9,medium_single_valid_detour,medium,single_detour,Direct route is blocked and only one detour gap is available.,18,TIMEOUT,TIMEOUT,18,18,0,True,False,False,True,False,drift
opus_pdd_group_b1,3,4,10,medium_dead_end_corridors,medium,dead_end,Two corridor choices exist; one is a dead end and one reaches the goal.,20,TIMEOUT,TIMEOUT,20,20,0,True,False,False,True,False,drift
opus_pdd_group_b1,3,4,11,hard_maze_one_dead_end,hard,dead_end,Maze-like layout with one dead end before the correct path.,24,TIMEOUT,TIMEOUT,24,24,0,True,False,False,True,False,drift
opus_pdd_group_b1,3,4,12,hard_u_trap_goal,hard,counterintuitive,U-shaped trap in front of the goal requiring the robot to go around.,24,TIMEOUT,TIMEOUT,24,24,0,True,False,False,True,False,drift
opus_pdd_group_b1,3,4,13,hard_long_detour_budget,hard,counterintuitive,Long detour required; naive direct movement exhausts the tight budget.,26,TIMEOUT,TIMEOUT,26,26,0,True,False,False,True,False,drift
opus_pdd_group_b1,3,4,14,hard_two_dead_ends,hard,dead_end,"Two dead ends and one correct path, with the correct route initially counterintuitive.",28,TIMEOUT,TIMEOUT,28,28,0,True,False,False,True,False,drift
opus_pdd_group_b1,3,4,15,hard_move_away_corridor,hard,counterintuitive,Corridor forces the robot to move away from the nearby goal before reaching it.,22,TIMEOUT,TIMEOUT,22,22,0,True,False,False,True,False,drift
opus_pdd_group_b1,4,5,1,easy_open_short_path,easy,straight_line,"Open grid, no obstacles, short path.",20,GOAL_REACHED,GOAL_REACHED,4,4,0,False,False,False,False,False,same
opus_pdd_group_b1,4,5,2,easy_single_obstacle_detour,easy,single_detour,Single obstacle on the direct path requiring one simple detour.,24,TIMEOUT,GOAL_REACHED,24,10,-14,True,True,True,False,True,improvement
opus_pdd_group_b1,4,5,3,easy_l_wall_one_turn,easy,single_detour,L-shaped wall forcing a simple route with one major turn.,28,TIMEOUT,GOAL_REACHED,28,10,-18,True,True,True,False,True,improvement
opus_pdd_group_b1,4,5,4,easy_corner_goal_blocked,easy,single_detour,Goal is in a corner with one obstacle blocking the most direct route.,26,TIMEOUT,GOAL_REACHED,26,10,-16,True,True,True,False,True,improvement
opus_pdd_group_b1,4,5,5,easy_two_isolated_obstacles,easy,single_detour,Slightly longer path with two isolated obstacles on the direct route.,30,TIMEOUT,GOAL_REACHED,30,22,-8,True,True,True,False,True,improvement
opus_pdd_group_b1,4,5,6,medium_straight_narrow_corridor,medium,corridor,Narrow one-cell-wide corridor running straight through the map.,15,TIMEOUT,TIMEOUT,15,15,0,True,False,False,True,False,drift
opus_pdd_group_b1,4,5,7,medium_s_shaped_path,medium,corridor,S-shaped corridor with two forced turns.,20,TIMEOUT,TIMEOUT,20,20,0,True,False,False,True,False,drift
opus_pdd_group_b1,4,5,8,medium_central_obstacle,medium,single_detour,Large central obstacle can be navigated around either side.,20,GOAL_REACHED,TIMEOUT,16,20,4,True,True,True,False,True,regression
opus_pdd_group_b1,4,5,9,medium_single_valid_detour,medium,single_detour,Direct route is blocked and only one detour gap is available.,18,TIMEOUT,TIMEOUT,18,18,0,True,False,False,True,False,drift
opus_pdd_group_b1,4,5,10,medium_dead_end_corridors,medium,dead_end,Two corridor choices exist; one is a dead end and one reaches the goal.,20,TIMEOUT,TIMEOUT,20,20,0,True,False,False,True,False,drift
opus_pdd_group_b1,4,5,11,hard_maze_one_dead_end,hard,dead_end,Maze-like layout with one dead end before the correct path.,24,TIMEOUT,GOAL_REACHED,24,17,-7,True,True,True,False,True,improvement
opus_pdd_group_b1,4,5,12,hard_u_trap_goal,hard,counterintuitive,U-shaped trap in front of the goal requiring the robot to go around.,24,TIMEOUT,TIMEOUT,24,24,0,True,False,False,True,False,drift
opus_pdd_group_b1,4,5,13,hard_long_detour_budget,hard,counterintuitive,Long detour required; naive direct movement exhausts the tight budget.,26,TIMEOUT,TIMEOUT,26,26,0,True,False,False,True,False,drift
opus_pdd_group_b1,4,5,14,hard_two_dead_ends,hard,dead_end,"Two dead ends and one correct path, with the correct route initially counterintuitive.",28,TIMEOUT,TIMEOUT,28,28,0,True,False,False,True,False,drift
opus_pdd_group_b1,4,5,15,hard_move_away_corridor,hard,counterintuitive,Corridor forces the robot to move away from the nearby goal before reaching it.,22,TIMEOUT,TIMEOUT,22,22,0,True,False,False,True,False,drift
opus_pdd_group_b1,5,6,1,easy_open_short_path,easy,straight_line,"Open grid, no obstacles, short path.",20,GOAL_REACHED,GOAL_REACHED,4,4,0,False,False,False,False,False,same
opus_pdd_group_b1,5,6,2,easy_single_obstacle_detour,easy,single_detour,Single obstacle on the direct path requiring one simple detour.,24,GOAL_REACHED,GOAL_REACHED,10,10,0,False,False,False,False,False,same
opus_pdd_group_b1,5,6,3,easy_l_wall_one_turn,easy,single_detour,L-shaped wall forcing a simple route with one major turn.,28,GOAL_REACHED,GOAL_REACHED,10,10,0,False,False,False,False,False,same
opus_pdd_group_b1,5,6,4,easy_corner_goal_blocked,easy,single_detour,Goal is in a corner with one obstacle blocking the most direct route.,26,GOAL_REACHED,GOAL_REACHED,10,10,0,False,False,False,False,False,same
opus_pdd_group_b1,5,6,5,easy_two_isolated_obstacles,easy,single_detour,Slightly longer path with two isolated obstacles on the direct route.,30,GOAL_REACHED,GOAL_REACHED,22,22,0,False,False,False,False,False,same
opus_pdd_group_b1,5,6,6,medium_straight_narrow_corridor,medium,corridor,Narrow one-cell-wide corridor running straight through the map.,15,TIMEOUT,TIMEOUT,15,15,0,True,False,False,True,False,drift
opus_pdd_group_b1,5,6,7,medium_s_shaped_path,medium,corridor,S-shaped corridor with two forced turns.,20,TIMEOUT,TIMEOUT,20,20,0,False,False,False,False,False,same
opus_pdd_group_b1,5,6,8,medium_central_obstacle,medium,single_detour,Large central obstacle can be navigated around either side.,20,TIMEOUT,GOAL_REACHED,20,20,0,True,True,False,False,True,improvement
opus_pdd_group_b1,5,6,9,medium_single_valid_detour,medium,single_detour,Direct route is blocked and only one detour gap is available.,18,TIMEOUT,TIMEOUT,18,18,0,True,False,False,True,False,drift
opus_pdd_group_b1,5,6,10,medium_dead_end_corridors,medium,dead_end,Two corridor choices exist; one is a dead end and one reaches the goal.,20,TIMEOUT,TIMEOUT,20,20,0,True,False,False,True,False,drift
opus_pdd_group_b1,5,6,11,hard_maze_one_dead_end,hard,dead_end,Maze-like layout with one dead end before the correct path.,24,GOAL_REACHED,TIMEOUT,17,24,7,True,True,True,False,True,regression
opus_pdd_group_b1,5,6,12,hard_u_trap_goal,hard,counterintuitive,U-shaped trap in front of the goal requiring the robot to go around.,24,TIMEOUT,TIMEOUT,24,24,0,True,False,False,True,False,drift
opus_pdd_group_b1,5,6,13,hard_long_detour_budget,hard,counterintuitive,Long detour required; naive direct movement exhausts the tight budget.,26,TIMEOUT,TIMEOUT,26,26,0,True,False,False,True,False,drift
opus_pdd_group_b1,5,6,14,hard_two_dead_ends,hard,dead_end,"Two dead ends and one correct path, with the correct route initially counterintuitive.",28,TIMEOUT,TIMEOUT,28,28,0,True,False,False,True,False,drift
opus_pdd_group_b1,5,6,15,hard_move_away_corridor,hard,counterintuitive,Corridor forces the robot to move away from the nearby goal before reaching it.,22,TIMEOUT,TIMEOUT,22,22,0,False,False,False,False,False,same
opus_pdd_group_b1,6,7,1,easy_open_short_path,easy,straight_line,"Open grid, no obstacles, short path.",20,GOAL_REACHED,TIMEOUT,4,20,16,True,True,True,False,True,regression
opus_pdd_group_b1,6,7,2,easy_single_obstacle_detour,easy,single_detour,Single obstacle on the direct path requiring one simple detour.,24,GOAL_REACHED,TIMEOUT,10,24,14,True,True,True,False,True,regression
opus_pdd_group_b1,6,7,3,easy_l_wall_one_turn,easy,single_detour,L-shaped wall forcing a simple route with one major turn.,28,GOAL_REACHED,TIMEOUT,10,28,18,True,True,True,False,True,regression
opus_pdd_group_b1,6,7,4,easy_corner_goal_blocked,easy,single_detour,Goal is in a corner with one obstacle blocking the most direct route.,26,GOAL_REACHED,TIMEOUT,10,26,16,True,True,True,False,True,regression
opus_pdd_group_b1,6,7,5,easy_two_isolated_obstacles,easy,single_detour,Slightly longer path with two isolated obstacles on the direct route.,30,GOAL_REACHED,TIMEOUT,22,30,8,True,True,True,False,True,regression
opus_pdd_group_b1,6,7,6,medium_straight_narrow_corridor,medium,corridor,Narrow one-cell-wide corridor running straight through the map.,15,TIMEOUT,TIMEOUT,15,15,0,True,False,False,True,False,drift
opus_pdd_group_b1,6,7,7,medium_s_shaped_path,medium,corridor,S-shaped corridor with two forced turns.,20,TIMEOUT,TIMEOUT,20,20,0,True,False,False,True,False,drift
opus_pdd_group_b1,6,7,8,medium_central_obstacle,medium,single_detour,Large central obstacle can be navigated around either side.,20,GOAL_REACHED,TIMEOUT,20,20,0,True,True,False,False,True,regression
opus_pdd_group_b1,6,7,9,medium_single_valid_detour,medium,single_detour,Direct route is blocked and only one detour gap is available.,18,TIMEOUT,TIMEOUT,18,18,0,True,False,False,True,False,drift
opus_pdd_group_b1,6,7,10,medium_dead_end_corridors,medium,dead_end,Two corridor choices exist; one is a dead end and one reaches the goal.,20,TIMEOUT,TIMEOUT,20,20,0,True,False,False,True,False,drift
opus_pdd_group_b1,6,7,11,hard_maze_one_dead_end,hard,dead_end,Maze-like layout with one dead end before the correct path.,24,TIMEOUT,TIMEOUT,24,24,0,True,False,False,True,False,drift
opus_pdd_group_b1,6,7,12,hard_u_trap_goal,hard,counterintuitive,U-shaped trap in front of the goal requiring the robot to go around.,24,TIMEOUT,TIMEOUT,24,24,0,True,False,False,True,False,drift
opus_pdd_group_b1,6,7,13,hard_long_detour_budget,hard,counterintuitive,Long detour required; naive direct movement exhausts the tight budget.,26,TIMEOUT,TIMEOUT,26,26,0,True,False,False,True,False,drift
opus_pdd_group_b1,6,7,14,hard_two_dead_ends,hard,dead_end,"Two dead ends and one correct path, with the correct route initially counterintuitive.",28,TIMEOUT,TIMEOUT,28,28,0,True,False,False,True,False,drift
opus_pdd_group_b1,6,7,15,hard_move_away_corridor,hard,counterintuitive,Corridor forces the robot to move away from the nearby goal before reaching it.,22,TIMEOUT,TIMEOUT,22,22,0,True,False,False,True,False,drift
opus_pdd_group_b1,7,8,1,easy_open_short_path,easy,straight_line,"Open grid, no obstacles, short path.",20,TIMEOUT,TIMEOUT,20,20,0,False,False,False,False,False,same
opus_pdd_group_b1,7,8,2,easy_single_obstacle_detour,easy,single_detour,Single obstacle on the direct path requiring one simple detour.,24,TIMEOUT,TIMEOUT,24,24,0,False,False,False,False,False,same
opus_pdd_group_b1,7,8,3,easy_l_wall_one_turn,easy,single_detour,L-shaped wall forcing a simple route with one major turn.,28,TIMEOUT,TIMEOUT,28,28,0,False,False,False,False,False,same
opus_pdd_group_b1,7,8,4,easy_corner_goal_blocked,easy,single_detour,Goal is in a corner with one obstacle blocking the most direct route.,26,TIMEOUT,TIMEOUT,26,26,0,False,False,False,False,False,same
opus_pdd_group_b1,7,8,5,easy_two_isolated_obstacles,easy,single_detour,Slightly longer path with two isolated obstacles on the direct route.,30,TIMEOUT,TIMEOUT,30,30,0,False,False,False,False,False,same
opus_pdd_group_b1,7,8,6,medium_straight_narrow_corridor,medium,corridor,Narrow one-cell-wide corridor running straight through the map.,15,TIMEOUT,TIMEOUT,15,15,0,False,False,False,False,False,same
opus_pdd_group_b1,7,8,7,medium_s_shaped_path,medium,corridor,S-shaped corridor with two forced turns.,20,TIMEOUT,TIMEOUT,20,20,0,False,False,False,False,False,same
opus_pdd_group_b1,7,8,8,medium_central_obstacle,medium,single_detour,Large central obstacle can be navigated around either side.,20,TIMEOUT,TIMEOUT,20,20,0,False,False,False,False,False,same
opus_pdd_group_b1,7,8,9,medium_single_valid_detour,medium,single_detour,Direct route is blocked and only one detour gap is available.,18,TIMEOUT,TIMEOUT,18,18,0,False,False,False,False,False,same
opus_pdd_group_b1,7,8,10,medium_dead_end_corridors,medium,dead_end,Two corridor choices exist; one is a dead end and one reaches the goal.,20,TIMEOUT,TIMEOUT,20,20,0,False,False,False,False,False,same
opus_pdd_group_b1,7,8,11,hard_maze_one_dead_end,hard,dead_end,Maze-like layout with one dead end before the correct path.,24,TIMEOUT,TIMEOUT,24,24,0,False,False,False,False,False,same
opus_pdd_group_b1,7,8,12,hard_u_trap_goal,hard,counterintuitive,U-shaped trap in front of the goal requiring the robot to go around.,24,TIMEOUT,TIMEOUT,24,24,0,False,False,False,False,False,same
opus_pdd_group_b1,7,8,13,hard_long_detour_budget,hard,counterintuitive,Long detour required; naive direct movement exhausts the tight budget.,26,TIMEOUT,TIMEOUT,26,26,0,False,False,False,False,False,same
opus_pdd_group_b1,7,8,14,hard_two_dead_ends,hard,dead_end,"Two dead ends and one correct path, with the correct route initially counterintuitive.",28,TIMEOUT,TIMEOUT,28,28,0,False,False,False,False,False,same
opus_pdd_group_b1,7,8,15,hard_move_away_corridor,hard,counterintuitive,Corridor forces the robot to move away from the nearby goal before reaching it.,22,TIMEOUT,TIMEOUT,22,22,0,False,False,False,False,False,same
opus_pdd_group_b2,1,2,1,easy_open_short_path,easy,straight_line,"Open grid, no obstacles, short path.",20,GOAL_REACHED,GOAL_REACHED,4,4,0,False,False,False,False,False,same
opus_pdd_group_b2,1,2,2,easy_single_obstacle_detour,easy,single_detour,Single obstacle on the direct path requiring one simple detour.,24,TIMEOUT,GOAL_REACHED,24,17,-7,True,True,True,False,True,improvement
opus_pdd_group_b2,1,2,3,easy_l_wall_one_turn,easy,single_detour,L-shaped wall forcing a simple route with one major turn.,28,TIMEOUT,TIMEOUT,28,28,0,True,False,False,True,False,drift
opus_pdd_group_b2,1,2,4,easy_corner_goal_blocked,easy,single_detour,Goal is in a corner with one obstacle blocking the most direct route.,26,TIMEOUT,TIMEOUT,26,26,0,True,False,False,True,False,drift
opus_pdd_group_b2,1,2,5,easy_two_isolated_obstacles,easy,single_detour,Slightly longer path with two isolated obstacles on the direct route.,30,TIMEOUT,TIMEOUT,30,30,0,True,False,False,True,False,drift
opus_pdd_group_b2,1,2,6,medium_straight_narrow_corridor,medium,corridor,Narrow one-cell-wide corridor running straight through the map.,15,GOAL_REACHED,TIMEOUT,7,15,8,True,True,True,False,True,regression
opus_pdd_group_b2,1,2,7,medium_s_shaped_path,medium,corridor,S-shaped corridor with two forced turns.,20,TIMEOUT,TIMEOUT,20,20,0,True,False,False,True,False,drift
opus_pdd_group_b2,1,2,8,medium_central_obstacle,medium,single_detour,Large central obstacle can be navigated around either side.,20,TIMEOUT,TIMEOUT,20,20,0,True,False,False,True,False,drift
opus_pdd_group_b2,1,2,9,medium_single_valid_detour,medium,single_detour,Direct route is blocked and only one detour gap is available.,18,TIMEOUT,TIMEOUT,18,18,0,True,False,False,True,False,drift
opus_pdd_group_b2,1,2,10,medium_dead_end_corridors,medium,dead_end,Two corridor choices exist; one is a dead end and one reaches the goal.,20,TIMEOUT,TIMEOUT,20,20,0,True,False,False,True,False,drift
opus_pdd_group_b2,1,2,11,hard_maze_one_dead_end,hard,dead_end,Maze-like layout with one dead end before the correct path.,24,TIMEOUT,TIMEOUT,24,24,0,True,False,False,True,False,drift
opus_pdd_group_b2,1,2,12,hard_u_trap_goal,hard,counterintuitive,U-shaped trap in front of the goal requiring the robot to go around.,24,TIMEOUT,TIMEOUT,24,24,0,True,False,False,True,False,drift
opus_pdd_group_b2,1,2,13,hard_long_detour_budget,hard,counterintuitive,Long detour required; naive direct movement exhausts the tight budget.,26,TIMEOUT,TIMEOUT,26,26,0,True,False,False,True,False,drift
opus_pdd_group_b2,1,2,14,hard_two_dead_ends,hard,dead_end,"Two dead ends and one correct path, with the correct route initially counterintuitive.",28,TIMEOUT,TIMEOUT,28,28,0,True,False,False,True,False,drift
opus_pdd_group_b2,1,2,15,hard_move_away_corridor,hard,counterintuitive,Corridor forces the robot to move away from the nearby goal before reaching it.,22,TIMEOUT,TIMEOUT,22,22,0,True,False,False,True,False,drift
opus_pdd_group_b2,2,3,1,easy_open_short_path,easy,straight_line,"Open grid, no obstacles, short path.",20,GOAL_REACHED,GOAL_REACHED,4,4,0,False,False,False,False,False,same
opus_pdd_group_b2,2,3,2,easy_single_obstacle_detour,easy,single_detour,Single obstacle on the direct path requiring one simple detour.,24,GOAL_REACHED,GOAL_REACHED,17,17,0,False,False,False,False,False,same
opus_pdd_group_b2,2,3,3,easy_l_wall_one_turn,easy,single_detour,L-shaped wall forcing a simple route with one major turn.,28,TIMEOUT,TIMEOUT,28,28,0,False,False,False,False,False,same
opus_pdd_group_b2,2,3,4,easy_corner_goal_blocked,easy,single_detour,Goal is in a corner with one obstacle blocking the most direct route.,26,TIMEOUT,TIMEOUT,26,26,0,True,False,False,True,False,drift
opus_pdd_group_b2,2,3,5,easy_two_isolated_obstacles,easy,single_detour,Slightly longer path with two isolated obstacles on the direct route.,30,TIMEOUT,TIMEOUT,30,30,0,False,False,False,False,False,same
opus_pdd_group_b2,2,3,6,medium_straight_narrow_corridor,medium,corridor,Narrow one-cell-wide corridor running straight through the map.,15,TIMEOUT,TIMEOUT,15,15,0,False,False,False,False,False,same
opus_pdd_group_b2,2,3,7,medium_s_shaped_path,medium,corridor,S-shaped corridor with two forced turns.,20,TIMEOUT,TIMEOUT,20,20,0,True,False,False,True,False,drift
opus_pdd_group_b2,2,3,8,medium_central_obstacle,medium,single_detour,Large central obstacle can be navigated around either side.,20,TIMEOUT,TIMEOUT,20,20,0,False,False,False,False,False,same
opus_pdd_group_b2,2,3,9,medium_single_valid_detour,medium,single_detour,Direct route is blocked and only one detour gap is available.,18,TIMEOUT,TIMEOUT,18,18,0,False,False,False,False,False,same
opus_pdd_group_b2,2,3,10,medium_dead_end_corridors,medium,dead_end,Two corridor choices exist; one is a dead end and one reaches the goal.,20,TIMEOUT,TIMEOUT,20,20,0,False,False,False,False,False,same
opus_pdd_group_b2,2,3,11,hard_maze_one_dead_end,hard,dead_end,Maze-like layout with one dead end before the correct path.,24,TIMEOUT,TIMEOUT,24,24,0,True,False,False,True,False,drift
opus_pdd_group_b2,2,3,12,hard_u_trap_goal,hard,counterintuitive,U-shaped trap in front of the goal requiring the robot to go around.,24,TIMEOUT,TIMEOUT,24,24,0,True,False,False,True,False,drift
opus_pdd_group_b2,2,3,13,hard_long_detour_budget,hard,counterintuitive,Long detour required; naive direct movement exhausts the tight budget.,26,TIMEOUT,TIMEOUT,26,26,0,False,False,False,False,False,same
opus_pdd_group_b2,2,3,14,hard_two_dead_ends,hard,dead_end,"Two dead ends and one correct path, with the correct route initially counterintuitive.",28,TIMEOUT,TIMEOUT,28,28,0,False,False,False,False,False,same
opus_pdd_group_b2,2,3,15,hard_move_away_corridor,hard,counterintuitive,Corridor forces the robot to move away from the nearby goal before reaching it.,22,TIMEOUT,TIMEOUT,22,22,0,True,False,False,True,False,drift
opus_pdd_group_b2,3,4,1,easy_open_short_path,easy,straight_line,"Open grid, no obstacles, short path.",20,GOAL_REACHED,GOAL_REACHED,4,4,0,False,False,False,False,False,same
opus_pdd_group_b2,3,4,2,easy_single_obstacle_detour,easy,single_detour,Single obstacle on the direct path requiring one simple detour.,24,GOAL_REACHED,GOAL_REACHED,17,13,-4,True,False,True,False,False,improvement
opus_pdd_group_b2,3,4,3,easy_l_wall_one_turn,easy,single_detour,L-shaped wall forcing a simple route with one major turn.,28,TIMEOUT,TIMEOUT,28,28,0,True,False,False,True,False,drift
opus_pdd_group_b2,3,4,4,easy_corner_goal_blocked,easy,single_detour,Goal is in a corner with one obstacle blocking the most direct route.,26,TIMEOUT,TIMEOUT,26,26,0,True,False,False,True,False,drift
opus_pdd_group_b2,3,4,5,easy_two_isolated_obstacles,easy,single_detour,Slightly longer path with two isolated obstacles on the direct route.,30,TIMEOUT,TIMEOUT,30,30,0,True,False,False,True,False,drift
opus_pdd_group_b2,3,4,6,medium_straight_narrow_corridor,medium,corridor,Narrow one-cell-wide corridor running straight through the map.,15,TIMEOUT,TIMEOUT,15,15,0,True,False,False,True,False,drift
opus_pdd_group_b2,3,4,7,medium_s_shaped_path,medium,corridor,S-shaped corridor with two forced turns.,20,TIMEOUT,TIMEOUT,20,20,0,True,False,False,True,False,drift
opus_pdd_group_b2,3,4,8,medium_central_obstacle,medium,single_detour,Large central obstacle can be navigated around either side.,20,TIMEOUT,TIMEOUT,20,20,0,True,False,False,True,False,drift
opus_pdd_group_b2,3,4,9,medium_single_valid_detour,medium,single_detour,Direct route is blocked and only one detour gap is available.,18,TIMEOUT,TIMEOUT,18,18,0,True,False,False,True,False,drift
opus_pdd_group_b2,3,4,10,medium_dead_end_corridors,medium,dead_end,Two corridor choices exist; one is a dead end and one reaches the goal.,20,TIMEOUT,TIMEOUT,20,20,0,True,False,False,True,False,drift
opus_pdd_group_b2,3,4,11,hard_maze_one_dead_end,hard,dead_end,Maze-like layout with one dead end before the correct path.,24,TIMEOUT,TIMEOUT,24,24,0,True,False,False,True,False,drift
opus_pdd_group_b2,3,4,12,hard_u_trap_goal,hard,counterintuitive,U-shaped trap in front of the goal requiring the robot to go around.,24,TIMEOUT,TIMEOUT,24,24,0,True,False,False,True,False,drift
opus_pdd_group_b2,3,4,13,hard_long_detour_budget,hard,counterintuitive,Long detour required; naive direct movement exhausts the tight budget.,26,TIMEOUT,TIMEOUT,26,26,0,True,False,False,True,False,drift
opus_pdd_group_b2,3,4,14,hard_two_dead_ends,hard,dead_end,"Two dead ends and one correct path, with the correct route initially counterintuitive.",28,TIMEOUT,TIMEOUT,28,28,0,True,False,False,True,False,drift
opus_pdd_group_b2,3,4,15,hard_move_away_corridor,hard,counterintuitive,Corridor forces the robot to move away from the nearby goal before reaching it.,22,TIMEOUT,TIMEOUT,22,22,0,True,False,False,True,False,drift
opus_pdd_group_b2,4,5,1,easy_open_short_path,easy,straight_line,"Open grid, no obstacles, short path.",20,GOAL_REACHED,GOAL_REACHED,4,4,0,False,False,False,False,False,same
opus_pdd_group_b2,4,5,2,easy_single_obstacle_detour,easy,single_detour,Single obstacle on the direct path requiring one simple detour.,24,GOAL_REACHED,GOAL_REACHED,13,9,-4,True,False,True,False,False,improvement
opus_pdd_group_b2,4,5,3,easy_l_wall_one_turn,easy,single_detour,L-shaped wall forcing a simple route with one major turn.,28,TIMEOUT,GOAL_REACHED,28,21,-7,True,True,True,False,True,improvement
opus_pdd_group_b2,4,5,4,easy_corner_goal_blocked,easy,single_detour,Goal is in a corner with one obstacle blocking the most direct route.,26,TIMEOUT,TIMEOUT,26,26,0,True,False,False,True,False,drift
opus_pdd_group_b2,4,5,5,easy_two_isolated_obstacles,easy,single_detour,Slightly longer path with two isolated obstacles on the direct route.,30,TIMEOUT,TIMEOUT,30,30,0,True,False,False,True,False,drift
opus_pdd_group_b2,4,5,6,medium_straight_narrow_corridor,medium,corridor,Narrow one-cell-wide corridor running straight through the map.,15,TIMEOUT,TIMEOUT,15,15,0,True,False,False,True,False,drift
opus_pdd_group_b2,4,5,7,medium_s_shaped_path,medium,corridor,S-shaped corridor with two forced turns.,20,TIMEOUT,TIMEOUT,20,20,0,True,False,False,True,False,drift
opus_pdd_group_b2,4,5,8,medium_central_obstacle,medium,single_detour,Large central obstacle can be navigated around either side.,20,TIMEOUT,TIMEOUT,20,20,0,True,False,False,True,False,drift
opus_pdd_group_b2,4,5,9,medium_single_valid_detour,medium,single_detour,Direct route is blocked and only one detour gap is available.,18,TIMEOUT,TIMEOUT,18,18,0,False,False,False,False,False,same
opus_pdd_group_b2,4,5,10,medium_dead_end_corridors,medium,dead_end,Two corridor choices exist; one is a dead end and one reaches the goal.,20,TIMEOUT,TIMEOUT,20,20,0,False,False,False,False,False,same
opus_pdd_group_b2,4,5,11,hard_maze_one_dead_end,hard,dead_end,Maze-like layout with one dead end before the correct path.,24,TIMEOUT,TIMEOUT,24,24,0,False,False,False,False,False,same
opus_pdd_group_b2,4,5,12,hard_u_trap_goal,hard,counterintuitive,U-shaped trap in front of the goal requiring the robot to go around.,24,TIMEOUT,TIMEOUT,24,24,0,True,False,False,True,False,drift
opus_pdd_group_b2,4,5,13,hard_long_detour_budget,hard,counterintuitive,Long detour required; naive direct movement exhausts the tight budget.,26,TIMEOUT,TIMEOUT,26,26,0,True,False,False,True,False,drift
opus_pdd_group_b2,4,5,14,hard_two_dead_ends,hard,dead_end,"Two dead ends and one correct path, with the correct route initially counterintuitive.",28,TIMEOUT,TIMEOUT,28,28,0,True,False,False,True,False,drift
opus_pdd_group_b2,4,5,15,hard_move_away_corridor,hard,counterintuitive,Corridor forces the robot to move away from the nearby goal before reaching it.,22,TIMEOUT,TIMEOUT,22,22,0,True,False,False,True,False,drift
opus_pdd_group_b2,5,6,1,easy_open_short_path,easy,straight_line,"Open grid, no obstacles, short path.",20,GOAL_REACHED,GOAL_REACHED,4,4,0,False,False,False,False,False,same
opus_pdd_group_b2,5,6,2,easy_single_obstacle_detour,easy,single_detour,Single obstacle on the direct path requiring one simple detour.,24,GOAL_REACHED,GOAL_REACHED,9,10,1,True,False,True,False,False,regression
opus_pdd_group_b2,5,6,3,easy_l_wall_one_turn,easy,single_detour,L-shaped wall forcing a simple route with one major turn.,28,GOAL_REACHED,GOAL_REACHED,21,10,-11,True,False,True,False,False,improvement
opus_pdd_group_b2,5,6,4,easy_corner_goal_blocked,easy,single_detour,Goal is in a corner with one obstacle blocking the most direct route.,26,TIMEOUT,GOAL_REACHED,26,10,-16,True,True,True,False,True,improvement
opus_pdd_group_b2,5,6,5,easy_two_isolated_obstacles,easy,single_detour,Slightly longer path with two isolated obstacles on the direct route.,30,TIMEOUT,GOAL_REACHED,30,19,-11,True,True,True,False,True,improvement
opus_pdd_group_b2,5,6,6,medium_straight_narrow_corridor,medium,corridor,Narrow one-cell-wide corridor running straight through the map.,15,TIMEOUT,TIMEOUT,15,15,0,True,False,False,True,False,drift
opus_pdd_group_b2,5,6,7,medium_s_shaped_path,medium,corridor,S-shaped corridor with two forced turns.,20,TIMEOUT,TIMEOUT,20,20,0,True,False,False,True,False,drift
opus_pdd_group_b2,5,6,8,medium_central_obstacle,medium,single_detour,Large central obstacle can be navigated around either side.,20,TIMEOUT,TIMEOUT,20,20,0,True,False,False,True,False,drift
opus_pdd_group_b2,5,6,9,medium_single_valid_detour,medium,single_detour,Direct route is blocked and only one detour gap is available.,18,TIMEOUT,TIMEOUT,18,18,0,True,False,False,True,False,drift
opus_pdd_group_b2,5,6,10,medium_dead_end_corridors,medium,dead_end,Two corridor choices exist; one is a dead end and one reaches the goal.,20,TIMEOUT,TIMEOUT,20,20,0,True,False,False,True,False,drift
opus_pdd_group_b2,5,6,11,hard_maze_one_dead_end,hard,dead_end,Maze-like layout with one dead end before the correct path.,24,TIMEOUT,TIMEOUT,24,24,0,True,False,False,True,False,drift
opus_pdd_group_b2,5,6,12,hard_u_trap_goal,hard,counterintuitive,U-shaped trap in front of the goal requiring the robot to go around.,24,TIMEOUT,TIMEOUT,24,24,0,True,False,False,True,False,drift
opus_pdd_group_b2,5,6,13,hard_long_detour_budget,hard,counterintuitive,Long detour required; naive direct movement exhausts the tight budget.,26,TIMEOUT,TIMEOUT,26,26,0,True,False,False,True,False,drift
opus_pdd_group_b2,5,6,14,hard_two_dead_ends,hard,dead_end,"Two dead ends and one correct path, with the correct route initially counterintuitive.",28,TIMEOUT,TIMEOUT,28,28,0,True,False,False,True,False,drift
opus_pdd_group_b2,5,6,15,hard_move_away_corridor,hard,counterintuitive,Corridor forces the robot to move away from the nearby goal before reaching it.,22,TIMEOUT,TIMEOUT,22,22,0,True,False,False,True,False,drift
opus_pdd_group_b2,6,7,1,easy_open_short_path,easy,straight_line,"Open grid, no obstacles, short path.",20,GOAL_REACHED,TIMEOUT,4,20,16,True,True,True,False,True,regression
opus_pdd_group_b2,6,7,2,easy_single_obstacle_detour,easy,single_detour,Single obstacle on the direct path requiring one simple detour.,24,GOAL_REACHED,TIMEOUT,10,24,14,True,True,True,False,True,regression
opus_pdd_group_b2,6,7,3,easy_l_wall_one_turn,easy,single_detour,L-shaped wall forcing a simple route with one major turn.,28,GOAL_REACHED,TIMEOUT,10,28,18,True,True,True,False,True,regression
opus_pdd_group_b2,6,7,4,easy_corner_goal_blocked,easy,single_detour,Goal is in a corner with one obstacle blocking the most direct route.,26,GOAL_REACHED,TIMEOUT,10,26,16,True,True,True,False,True,regression
opus_pdd_group_b2,6,7,5,easy_two_isolated_obstacles,easy,single_detour,Slightly longer path with two isolated obstacles on the direct route.,30,GOAL_REACHED,TIMEOUT,19,30,11,True,True,True,False,True,regression
opus_pdd_group_b2,6,7,6,medium_straight_narrow_corridor,medium,corridor,Narrow one-cell-wide corridor running straight through the map.,15,TIMEOUT,TIMEOUT,15,15,0,True,False,False,True,False,drift
opus_pdd_group_b2,6,7,7,medium_s_shaped_path,medium,corridor,S-shaped corridor with two forced turns.,20,TIMEOUT,TIMEOUT,20,20,0,True,False,False,True,False,drift
opus_pdd_group_b2,6,7,8,medium_central_obstacle,medium,single_detour,Large central obstacle can be navigated around either side.,20,TIMEOUT,TIMEOUT,20,20,0,True,False,False,True,False,drift
opus_pdd_group_b2,6,7,9,medium_single_valid_detour,medium,single_detour,Direct route is blocked and only one detour gap is available.,18,TIMEOUT,TIMEOUT,18,18,0,True,False,False,True,False,drift
opus_pdd_group_b2,6,7,10,medium_dead_end_corridors,medium,dead_end,Two corridor choices exist; one is a dead end and one reaches the goal.,20,TIMEOUT,TIMEOUT,20,20,0,True,False,False,True,False,drift
opus_pdd_group_b2,6,7,11,hard_maze_one_dead_end,hard,dead_end,Maze-like layout with one dead end before the correct path.,24,TIMEOUT,TIMEOUT,24,24,0,True,False,False,True,False,drift
opus_pdd_group_b2,6,7,12,hard_u_trap_goal,hard,counterintuitive,U-shaped trap in front of the goal requiring the robot to go around.,24,TIMEOUT,TIMEOUT,24,24,0,True,False,False,True,False,drift
opus_pdd_group_b2,6,7,13,hard_long_detour_budget,hard,counterintuitive,Long detour required; naive direct movement exhausts the tight budget.,26,TIMEOUT,TIMEOUT,26,26,0,True,False,False,True,False,drift
opus_pdd_group_b2,6,7,14,hard_two_dead_ends,hard,dead_end,"Two dead ends and one correct path, with the correct route initially counterintuitive.",28,TIMEOUT,TIMEOUT,28,28,0,True,False,False,True,False,drift
opus_pdd_group_b2,6,7,15,hard_move_away_corridor,hard,counterintuitive,Corridor forces the robot to move away from the nearby goal before reaching it.,22,TIMEOUT,TIMEOUT,22,22,0,True,False,False,True,False,drift
opus_pdd_group_b2,7,8,1,easy_open_short_path,easy,straight_line,"Open grid, no obstacles, short path.",20,TIMEOUT,TIMEOUT,20,20,0,False,False,False,False,False,same
opus_pdd_group_b2,7,8,2,easy_single_obstacle_detour,easy,single_detour,Single obstacle on the direct path requiring one simple detour.,24,TIMEOUT,TIMEOUT,24,24,0,False,False,False,False,False,same
opus_pdd_group_b2,7,8,3,easy_l_wall_one_turn,easy,single_detour,L-shaped wall forcing a simple route with one major turn.,28,TIMEOUT,TIMEOUT,28,28,0,False,False,False,False,False,same
opus_pdd_group_b2,7,8,4,easy_corner_goal_blocked,easy,single_detour,Goal is in a corner with one obstacle blocking the most direct route.,26,TIMEOUT,TIMEOUT,26,26,0,False,False,False,False,False,same
opus_pdd_group_b2,7,8,5,easy_two_isolated_obstacles,easy,single_detour,Slightly longer path with two isolated obstacles on the direct route.,30,TIMEOUT,TIMEOUT,30,30,0,False,False,False,False,False,same
opus_pdd_group_b2,7,8,6,medium_straight_narrow_corridor,medium,corridor,Narrow one-cell-wide corridor running straight through the map.,15,TIMEOUT,TIMEOUT,15,15,0,False,False,False,False,False,same
opus_pdd_group_b2,7,8,7,medium_s_shaped_path,medium,corridor,S-shaped corridor with two forced turns.,20,TIMEOUT,TIMEOUT,20,20,0,False,False,False,False,False,same
opus_pdd_group_b2,7,8,8,medium_central_obstacle,medium,single_detour,Large central obstacle can be navigated around either side.,20,TIMEOUT,TIMEOUT,20,20,0,False,False,False,False,False,same
opus_pdd_group_b2,7,8,9,medium_single_valid_detour,medium,single_detour,Direct route is blocked and only one detour gap is available.,18,TIMEOUT,TIMEOUT,18,18,0,False,False,False,False,False,same
opus_pdd_group_b2,7,8,10,medium_dead_end_corridors,medium,dead_end,Two corridor choices exist; one is a dead end and one reaches the goal.,20,TIMEOUT,TIMEOUT,20,20,0,False,False,False,False,False,same
opus_pdd_group_b2,7,8,11,hard_maze_one_dead_end,hard,dead_end,Maze-like layout with one dead end before the correct path.,24,TIMEOUT,TIMEOUT,24,24,0,False,False,False,False,False,same
opus_pdd_group_b2,7,8,12,hard_u_trap_goal,hard,counterintuitive,U-shaped trap in front of the goal requiring the robot to go around.,24,TIMEOUT,TIMEOUT,24,24,0,False,False,False,False,False,same
opus_pdd_group_b2,7,8,13,hard_long_detour_budget,hard,counterintuitive,Long detour required; naive direct movement exhausts the tight budget.,26,TIMEOUT,TIMEOUT,26,26,0,False,False,False,False,False,same
opus_pdd_group_b2,7,8,14,hard_two_dead_ends,hard,dead_end,"Two dead ends and one correct path, with the correct route initially counterintuitive.",28,TIMEOUT,TIMEOUT,28,28,0,False,False,False,False,False,same
opus_pdd_group_b2,7,8,15,hard_move_away_corridor,hard,counterintuitive,Corridor forces the robot to move away from the nearby goal before reaching it.,22,TIMEOUT,TIMEOUT,22,22,0,False,False,False,False,False,same
opus_pdd_group_b3,1,2,1,easy_open_short_path,easy,straight_line,"Open grid, no obstacles, short path.",20,INVALID_CONTROLLER,GOAL_REACHED,0,4,4,False,True,True,False,True,improvement
opus_pdd_group_b3,1,2,2,easy_single_obstacle_detour,easy,single_detour,Single obstacle on the direct path requiring one simple detour.,24,INVALID_CONTROLLER,GOAL_REACHED,0,13,13,False,True,True,False,True,improvement
opus_pdd_group_b3,1,2,3,easy_l_wall_one_turn,easy,single_detour,L-shaped wall forcing a simple route with one major turn.,28,INVALID_CONTROLLER,TIMEOUT,0,28,28,False,True,True,False,True,improvement
opus_pdd_group_b3,1,2,4,easy_corner_goal_blocked,easy,single_detour,Goal is in a corner with one obstacle blocking the most direct route.,26,INVALID_CONTROLLER,TIMEOUT,0,26,26,False,True,True,False,True,improvement
opus_pdd_group_b3,1,2,5,easy_two_isolated_obstacles,easy,single_detour,Slightly longer path with two isolated obstacles on the direct route.,30,INVALID_CONTROLLER,TIMEOUT,0,30,30,False,True,True,False,True,improvement
opus_pdd_group_b3,1,2,6,medium_straight_narrow_corridor,medium,corridor,Narrow one-cell-wide corridor running straight through the map.,15,INVALID_CONTROLLER,TIMEOUT,0,15,15,False,True,True,False,True,improvement
opus_pdd_group_b3,1,2,7,medium_s_shaped_path,medium,corridor,S-shaped corridor with two forced turns.,20,INVALID_CONTROLLER,TIMEOUT,0,20,20,False,True,True,False,True,improvement
opus_pdd_group_b3,1,2,8,medium_central_obstacle,medium,single_detour,Large central obstacle can be navigated around either side.,20,INVALID_CONTROLLER,TIMEOUT,0,20,20,False,True,True,False,True,improvement
opus_pdd_group_b3,1,2,9,medium_single_valid_detour,medium,single_detour,Direct route is blocked and only one detour gap is available.,18,INVALID_CONTROLLER,TIMEOUT,0,18,18,False,True,True,False,True,improvement
opus_pdd_group_b3,1,2,10,medium_dead_end_corridors,medium,dead_end,Two corridor choices exist; one is a dead end and one reaches the goal.,20,INVALID_CONTROLLER,TIMEOUT,0,20,20,False,True,True,False,True,improvement
opus_pdd_group_b3,1,2,11,hard_maze_one_dead_end,hard,dead_end,Maze-like layout with one dead end before the correct path.,24,INVALID_CONTROLLER,TIMEOUT,0,24,24,False,True,True,False,True,improvement
opus_pdd_group_b3,1,2,12,hard_u_trap_goal,hard,counterintuitive,U-shaped trap in front of the goal requiring the robot to go around.,24,INVALID_CONTROLLER,TIMEOUT,0,24,24,False,True,True,False,True,improvement
opus_pdd_group_b3,1,2,13,hard_long_detour_budget,hard,counterintuitive,Long detour required; naive direct movement exhausts the tight budget.,26,INVALID_CONTROLLER,TIMEOUT,0,26,26,False,True,True,False,True,improvement
opus_pdd_group_b3,1,2,14,hard_two_dead_ends,hard,dead_end,"Two dead ends and one correct path, with the correct route initially counterintuitive.",28,INVALID_CONTROLLER,TIMEOUT,0,28,28,False,True,True,False,True,improvement
opus_pdd_group_b3,1,2,15,hard_move_away_corridor,hard,counterintuitive,Corridor forces the robot to move away from the nearby goal before reaching it.,22,INVALID_CONTROLLER,TIMEOUT,0,22,22,False,True,True,False,True,improvement
opus_pdd_group_b3,2,3,1,easy_open_short_path,easy,straight_line,"Open grid, no obstacles, short path.",20,GOAL_REACHED,GOAL_REACHED,4,4,0,False,False,False,False,False,same
opus_pdd_group_b3,2,3,2,easy_single_obstacle_detour,easy,single_detour,Single obstacle on the direct path requiring one simple detour.,24,GOAL_REACHED,GOAL_REACHED,13,20,7,True,False,True,False,False,regression
opus_pdd_group_b3,2,3,3,easy_l_wall_one_turn,easy,single_detour,L-shaped wall forcing a simple route with one major turn.,28,TIMEOUT,TIMEOUT,28,28,0,True,False,False,True,False,drift
opus_pdd_group_b3,2,3,4,easy_corner_goal_blocked,easy,single_detour,Goal is in a corner with one obstacle blocking the most direct route.,26,TIMEOUT,TIMEOUT,26,26,0,True,False,False,True,False,drift
opus_pdd_group_b3,2,3,5,easy_two_isolated_obstacles,easy,single_detour,Slightly longer path with two isolated obstacles on the direct route.,30,TIMEOUT,TIMEOUT,30,30,0,True,False,False,True,False,drift
opus_pdd_group_b3,2,3,6,medium_straight_narrow_corridor,medium,corridor,Narrow one-cell-wide corridor running straight through the map.,15,TIMEOUT,TIMEOUT,15,15,0,True,False,False,True,False,drift
opus_pdd_group_b3,2,3,7,medium_s_shaped_path,medium,corridor,S-shaped corridor with two forced turns.,20,TIMEOUT,TIMEOUT,20,20,0,True,False,False,True,False,drift
opus_pdd_group_b3,2,3,8,medium_central_obstacle,medium,single_detour,Large central obstacle can be navigated around either side.,20,TIMEOUT,TIMEOUT,20,20,0,True,False,False,True,False,drift
opus_pdd_group_b3,2,3,9,medium_single_valid_detour,medium,single_detour,Direct route is blocked and only one detour gap is available.,18,TIMEOUT,TIMEOUT,18,18,0,True,False,False,True,False,drift
opus_pdd_group_b3,2,3,10,medium_dead_end_corridors,medium,dead_end,Two corridor choices exist; one is a dead end and one reaches the goal.,20,TIMEOUT,TIMEOUT,20,20,0,True,False,False,True,False,drift
opus_pdd_group_b3,2,3,11,hard_maze_one_dead_end,hard,dead_end,Maze-like layout with one dead end before the correct path.,24,TIMEOUT,TIMEOUT,24,24,0,True,False,False,True,False,drift
opus_pdd_group_b3,2,3,12,hard_u_trap_goal,hard,counterintuitive,U-shaped trap in front of the goal requiring the robot to go around.,24,TIMEOUT,TIMEOUT,24,24,0,True,False,False,True,False,drift
opus_pdd_group_b3,2,3,13,hard_long_detour_budget,hard,counterintuitive,Long detour required; naive direct movement exhausts the tight budget.,26,TIMEOUT,TIMEOUT,26,26,0,True,False,False,True,False,drift
opus_pdd_group_b3,2,3,14,hard_two_dead_ends,hard,dead_end,"Two dead ends and one correct path, with the correct route initially counterintuitive.",28,TIMEOUT,TIMEOUT,28,28,0,True,False,False,True,False,drift
opus_pdd_group_b3,2,3,15,hard_move_away_corridor,hard,counterintuitive,Corridor forces the robot to move away from the nearby goal before reaching it.,22,TIMEOUT,TIMEOUT,22,22,0,True,False,False,True,False,drift
opus_pdd_group_b3,3,4,1,easy_open_short_path,easy,straight_line,"Open grid, no obstacles, short path.",20,GOAL_REACHED,GOAL_REACHED,4,4,0,False,False,False,False,False,same
opus_pdd_group_b3,3,4,2,easy_single_obstacle_detour,easy,single_detour,Single obstacle on the direct path requiring one simple detour.,24,GOAL_REACHED,TIMEOUT,20,24,4,True,True,True,False,True,regression
opus_pdd_group_b3,3,4,3,easy_l_wall_one_turn,easy,single_detour,L-shaped wall forcing a simple route with one major turn.,28,TIMEOUT,TIMEOUT,28,28,0,True,False,False,True,False,drift
opus_pdd_group_b3,3,4,4,easy_corner_goal_blocked,easy,single_detour,Goal is in a corner with one obstacle blocking the most direct route.,26,TIMEOUT,TIMEOUT,26,26,0,True,False,False,True,False,drift
opus_pdd_group_b3,3,4,5,easy_two_isolated_obstacles,easy,single_detour,Slightly longer path with two isolated obstacles on the direct route.,30,TIMEOUT,TIMEOUT,30,30,0,True,False,False,True,False,drift
opus_pdd_group_b3,3,4,6,medium_straight_narrow_corridor,medium,corridor,Narrow one-cell-wide corridor running straight through the map.,15,TIMEOUT,TIMEOUT,15,15,0,True,False,False,True,False,drift
opus_pdd_group_b3,3,4,7,medium_s_shaped_path,medium,corridor,S-shaped corridor with two forced turns.,20,TIMEOUT,TIMEOUT,20,20,0,True,False,False,True,False,drift
opus_pdd_group_b3,3,4,8,medium_central_obstacle,medium,single_detour,Large central obstacle can be navigated around either side.,20,TIMEOUT,TIMEOUT,20,20,0,True,False,False,True,False,drift
opus_pdd_group_b3,3,4,9,medium_single_valid_detour,medium,single_detour,Direct route is blocked and only one detour gap is available.,18,TIMEOUT,TIMEOUT,18,18,0,True,False,False,True,False,drift
opus_pdd_group_b3,3,4,10,medium_dead_end_corridors,medium,dead_end,Two corridor choices exist; one is a dead end and one reaches the goal.,20,TIMEOUT,TIMEOUT,20,20,0,True,False,False,True,False,drift
opus_pdd_group_b3,3,4,11,hard_maze_one_dead_end,hard,dead_end,Maze-like layout with one dead end before the correct path.,24,TIMEOUT,TIMEOUT,24,24,0,True,False,False,True,False,drift
opus_pdd_group_b3,3,4,12,hard_u_trap_goal,hard,counterintuitive,U-shaped trap in front of the goal requiring the robot to go around.,24,TIMEOUT,TIMEOUT,24,24,0,True,False,False,True,False,drift
opus_pdd_group_b3,3,4,13,hard_long_detour_budget,hard,counterintuitive,Long detour required; naive direct movement exhausts the tight budget.,26,TIMEOUT,TIMEOUT,26,26,0,True,False,False,True,False,drift
opus_pdd_group_b3,3,4,14,hard_two_dead_ends,hard,dead_end,"Two dead ends and one correct path, with the correct route initially counterintuitive.",28,TIMEOUT,TIMEOUT,28,28,0,True,False,False,True,False,drift
opus_pdd_group_b3,3,4,15,hard_move_away_corridor,hard,counterintuitive,Corridor forces the robot to move away from the nearby goal before reaching it.,22,TIMEOUT,TIMEOUT,22,22,0,True,False,False,True,False,drift
opus_pdd_group_b3,4,5,1,easy_open_short_path,easy,straight_line,"Open grid, no obstacles, short path.",20,GOAL_REACHED,GOAL_REACHED,4,4,0,False,False,False,False,False,same
opus_pdd_group_b3,4,5,2,easy_single_obstacle_detour,easy,single_detour,Single obstacle on the direct path requiring one simple detour.,24,TIMEOUT,GOAL_REACHED,24,10,-14,True,True,True,False,True,improvement
opus_pdd_group_b3,4,5,3,easy_l_wall_one_turn,easy,single_detour,L-shaped wall forcing a simple route with one major turn.,28,TIMEOUT,GOAL_REACHED,28,10,-18,True,True,True,False,True,improvement
opus_pdd_group_b3,4,5,4,easy_corner_goal_blocked,easy,single_detour,Goal is in a corner with one obstacle blocking the most direct route.,26,TIMEOUT,GOAL_REACHED,26,10,-16,True,True,True,False,True,improvement
opus_pdd_group_b3,4,5,5,easy_two_isolated_obstacles,easy,single_detour,Slightly longer path with two isolated obstacles on the direct route.,30,TIMEOUT,GOAL_REACHED,30,14,-16,True,True,True,False,True,improvement
opus_pdd_group_b3,4,5,6,medium_straight_narrow_corridor,medium,corridor,Narrow one-cell-wide corridor running straight through the map.,15,TIMEOUT,TIMEOUT,15,15,0,True,False,False,True,False,drift
opus_pdd_group_b3,4,5,7,medium_s_shaped_path,medium,corridor,S-shaped corridor with two forced turns.,20,TIMEOUT,TIMEOUT,20,20,0,True,False,False,True,False,drift
opus_pdd_group_b3,4,5,8,medium_central_obstacle,medium,single_detour,Large central obstacle can be navigated around either side.,20,TIMEOUT,GOAL_REACHED,20,14,-6,True,True,True,False,True,improvement
opus_pdd_group_b3,4,5,9,medium_single_valid_detour,medium,single_detour,Direct route is blocked and only one detour gap is available.,18,TIMEOUT,GOAL_REACHED,18,15,-3,True,True,True,False,True,improvement
opus_pdd_group_b3,4,5,10,medium_dead_end_corridors,medium,dead_end,Two corridor choices exist; one is a dead end and one reaches the goal.,20,TIMEOUT,TIMEOUT,20,20,0,True,False,False,True,False,drift
opus_pdd_group_b3,4,5,11,hard_maze_one_dead_end,hard,dead_end,Maze-like layout with one dead end before the correct path.,24,TIMEOUT,GOAL_REACHED,24,20,-4,True,True,True,False,True,improvement
opus_pdd_group_b3,4,5,12,hard_u_trap_goal,hard,counterintuitive,U-shaped trap in front of the goal requiring the robot to go around.,24,TIMEOUT,TIMEOUT,24,24,0,True,False,False,True,False,drift
opus_pdd_group_b3,4,5,13,hard_long_detour_budget,hard,counterintuitive,Long detour required; naive direct movement exhausts the tight budget.,26,TIMEOUT,TIMEOUT,26,26,0,True,False,False,True,False,drift
opus_pdd_group_b3,4,5,14,hard_two_dead_ends,hard,dead_end,"Two dead ends and one correct path, with the correct route initially counterintuitive.",28,TIMEOUT,TIMEOUT,28,28,0,True,False,False,True,False,drift
opus_pdd_group_b3,4,5,15,hard_move_away_corridor,hard,counterintuitive,Corridor forces the robot to move away from the nearby goal before reaching it.,22,TIMEOUT,TIMEOUT,22,22,0,True,False,False,True,False,drift
opus_pdd_group_b3,5,6,1,easy_open_short_path,easy,straight_line,"Open grid, no obstacles, short path.",20,GOAL_REACHED,GOAL_REACHED,4,4,0,False,False,False,False,False,same
opus_pdd_group_b3,5,6,2,easy_single_obstacle_detour,easy,single_detour,Single obstacle on the direct path requiring one simple detour.,24,GOAL_REACHED,GOAL_REACHED,10,10,0,False,False,False,False,False,same
opus_pdd_group_b3,5,6,3,easy_l_wall_one_turn,easy,single_detour,L-shaped wall forcing a simple route with one major turn.,28,GOAL_REACHED,GOAL_REACHED,10,10,0,False,False,False,False,False,same
opus_pdd_group_b3,5,6,4,easy_corner_goal_blocked,easy,single_detour,Goal is in a corner with one obstacle blocking the most direct route.,26,GOAL_REACHED,GOAL_REACHED,10,10,0,True,False,False,True,False,drift
opus_pdd_group_b3,5,6,5,easy_two_isolated_obstacles,easy,single_detour,Slightly longer path with two isolated obstacles on the direct route.,30,GOAL_REACHED,GOAL_REACHED,14,14,0,False,False,False,False,False,same
opus_pdd_group_b3,5,6,6,medium_straight_narrow_corridor,medium,corridor,Narrow one-cell-wide corridor running straight through the map.,15,TIMEOUT,TIMEOUT,15,15,0,True,False,False,True,False,drift
opus_pdd_group_b3,5,6,7,medium_s_shaped_path,medium,corridor,S-shaped corridor with two forced turns.,20,TIMEOUT,TIMEOUT,20,20,0,True,False,False,True,False,drift
opus_pdd_group_b3,5,6,8,medium_central_obstacle,medium,single_detour,Large central obstacle can be navigated around either side.,20,GOAL_REACHED,GOAL_REACHED,14,16,2,True,False,True,False,False,regression
opus_pdd_group_b3,5,6,9,medium_single_valid_detour,medium,single_detour,Direct route is blocked and only one detour gap is available.,18,GOAL_REACHED,GOAL_REACHED,15,18,3,True,False,True,False,False,regression
opus_pdd_group_b3,5,6,10,medium_dead_end_corridors,medium,dead_end,Two corridor choices exist; one is a dead end and one reaches the goal.,20,TIMEOUT,TIMEOUT,20,20,0,True,False,False,True,False,drift
opus_pdd_group_b3,5,6,11,hard_maze_one_dead_end,hard,dead_end,Maze-like layout with one dead end before the correct path.,24,GOAL_REACHED,TIMEOUT,20,24,4,True,True,True,False,True,regression
opus_pdd_group_b3,5,6,12,hard_u_trap_goal,hard,counterintuitive,U-shaped trap in front of the goal requiring the robot to go around.,24,TIMEOUT,TIMEOUT,24,24,0,True,False,False,True,False,drift
opus_pdd_group_b3,5,6,13,hard_long_detour_budget,hard,counterintuitive,Long detour required; naive direct movement exhausts the tight budget.,26,TIMEOUT,TIMEOUT,26,26,0,True,False,False,True,False,drift
opus_pdd_group_b3,5,6,14,hard_two_dead_ends,hard,dead_end,"Two dead ends and one correct path, with the correct route initially counterintuitive.",28,TIMEOUT,TIMEOUT,28,28,0,True,False,False,True,False,drift
opus_pdd_group_b3,5,6,15,hard_move_away_corridor,hard,counterintuitive,Corridor forces the robot to move away from the nearby goal before reaching it.,22,TIMEOUT,TIMEOUT,22,22,0,True,False,False,True,False,drift
opus_pdd_group_b3,6,7,1,easy_open_short_path,easy,straight_line,"Open grid, no obstacles, short path.",20,GOAL_REACHED,TIMEOUT,4,20,16,True,True,True,False,True,regression
opus_pdd_group_b3,6,7,2,easy_single_obstacle_detour,easy,single_detour,Single obstacle on the direct path requiring one simple detour.,24,GOAL_REACHED,TIMEOUT,10,24,14,True,True,True,False,True,regression
opus_pdd_group_b3,6,7,3,easy_l_wall_one_turn,easy,single_detour,L-shaped wall forcing a simple route with one major turn.,28,GOAL_REACHED,TIMEOUT,10,28,18,True,True,True,False,True,regression
opus_pdd_group_b3,6,7,4,easy_corner_goal_blocked,easy,single_detour,Goal is in a corner with one obstacle blocking the most direct route.,26,GOAL_REACHED,TIMEOUT,10,26,16,True,True,True,False,True,regression
opus_pdd_group_b3,6,7,5,easy_two_isolated_obstacles,easy,single_detour,Slightly longer path with two isolated obstacles on the direct route.,30,GOAL_REACHED,TIMEOUT,14,30,16,True,True,True,False,True,regression
opus_pdd_group_b3,6,7,6,medium_straight_narrow_corridor,medium,corridor,Narrow one-cell-wide corridor running straight through the map.,15,TIMEOUT,TIMEOUT,15,15,0,True,False,False,True,False,drift
opus_pdd_group_b3,6,7,7,medium_s_shaped_path,medium,corridor,S-shaped corridor with two forced turns.,20,TIMEOUT,TIMEOUT,20,20,0,True,False,False,True,False,drift
opus_pdd_group_b3,6,7,8,medium_central_obstacle,medium,single_detour,Large central obstacle can be navigated around either side.,20,GOAL_REACHED,TIMEOUT,16,20,4,True,True,True,False,True,regression
opus_pdd_group_b3,6,7,9,medium_single_valid_detour,medium,single_detour,Direct route is blocked and only one detour gap is available.,18,GOAL_REACHED,TIMEOUT,18,18,0,True,True,False,False,True,regression
opus_pdd_group_b3,6,7,10,medium_dead_end_corridors,medium,dead_end,Two corridor choices exist; one is a dead end and one reaches the goal.,20,TIMEOUT,TIMEOUT,20,20,0,True,False,False,True,False,drift
opus_pdd_group_b3,6,7,11,hard_maze_one_dead_end,hard,dead_end,Maze-like layout with one dead end before the correct path.,24,TIMEOUT,TIMEOUT,24,24,0,True,False,False,True,False,drift
opus_pdd_group_b3,6,7,12,hard_u_trap_goal,hard,counterintuitive,U-shaped trap in front of the goal requiring the robot to go around.,24,TIMEOUT,TIMEOUT,24,24,0,True,False,False,True,False,drift
opus_pdd_group_b3,6,7,13,hard_long_detour_budget,hard,counterintuitive,Long detour required; naive direct movement exhausts the tight budget.,26,TIMEOUT,TIMEOUT,26,26,0,True,False,False,True,False,drift
opus_pdd_group_b3,6,7,14,hard_two_dead_ends,hard,dead_end,"Two dead ends and one correct path, with the correct route initially counterintuitive.",28,TIMEOUT,TIMEOUT,28,28,0,True,False,False,True,False,drift
opus_pdd_group_b3,6,7,15,hard_move_away_corridor,hard,counterintuitive,Corridor forces the robot to move away from the nearby goal before reaching it.,22,TIMEOUT,TIMEOUT,22,22,0,True,False,False,True,False,drift
opus_pdd_group_b3,7,8,1,easy_open_short_path,easy,straight_line,"Open grid, no obstacles, short path.",20,TIMEOUT,TIMEOUT,20,20,0,False,False,False,False,False,same
opus_pdd_group_b3,7,8,2,easy_single_obstacle_detour,easy,single_detour,Single obstacle on the direct path requiring one simple detour.,24,TIMEOUT,TIMEOUT,24,24,0,False,False,False,False,False,same
opus_pdd_group_b3,7,8,3,easy_l_wall_one_turn,easy,single_detour,L-shaped wall forcing a simple route with one major turn.,28,TIMEOUT,TIMEOUT,28,28,0,False,False,False,False,False,same
opus_pdd_group_b3,7,8,4,easy_corner_goal_blocked,easy,single_detour,Goal is in a corner with one obstacle blocking the most direct route.,26,TIMEOUT,TIMEOUT,26,26,0,False,False,False,False,False,same
opus_pdd_group_b3,7,8,5,easy_two_isolated_obstacles,easy,single_detour,Slightly longer path with two isolated obstacles on the direct route.,30,TIMEOUT,TIMEOUT,30,30,0,False,False,False,False,False,same
opus_pdd_group_b3,7,8,6,medium_straight_narrow_corridor,medium,corridor,Narrow one-cell-wide corridor running straight through the map.,15,TIMEOUT,TIMEOUT,15,15,0,False,False,False,False,False,same
opus_pdd_group_b3,7,8,7,medium_s_shaped_path,medium,corridor,S-shaped corridor with two forced turns.,20,TIMEOUT,TIMEOUT,20,20,0,False,False,False,False,False,same
opus_pdd_group_b3,7,8,8,medium_central_obstacle,medium,single_detour,Large central obstacle can be navigated around either side.,20,TIMEOUT,TIMEOUT,20,20,0,False,False,False,False,False,same
opus_pdd_group_b3,7,8,9,medium_single_valid_detour,medium,single_detour,Direct route is blocked and only one detour gap is available.,18,TIMEOUT,TIMEOUT,18,18,0,False,False,False,False,False,same
opus_pdd_group_b3,7,8,10,medium_dead_end_corridors,medium,dead_end,Two corridor choices exist; one is a dead end and one reaches the goal.,20,TIMEOUT,TIMEOUT,20,20,0,False,False,False,False,False,same
opus_pdd_group_b3,7,8,11,hard_maze_one_dead_end,hard,dead_end,Maze-like layout with one dead end before the correct path.,24,TIMEOUT,TIMEOUT,24,24,0,False,False,False,False,False,same
opus_pdd_group_b3,7,8,12,hard_u_trap_goal,hard,counterintuitive,U-shaped trap in front of the goal requiring the robot to go around.,24,TIMEOUT,TIMEOUT,24,24,0,False,False,False,False,False,same
opus_pdd_group_b3,7,8,13,hard_long_detour_budget,hard,counterintuitive,Long detour required; naive direct movement exhausts the tight budget.,26,TIMEOUT,TIMEOUT,26,26,0,False,False,False,False,False,same
opus_pdd_group_b3,7,8,14,hard_two_dead_ends,hard,dead_end,"Two dead ends and one correct path, with the correct route initially counterintuitive.",28,TIMEOUT,TIMEOUT,28,28,0,False,False,False,False,False,same
opus_pdd_group_b3,7,8,15,hard_move_away_corridor,hard,counterintuitive,Corridor forces the robot to move away from the nearby goal before reaching it.,22,TIMEOUT,TIMEOUT,22,22,0,False,False,False,False,False,same
opus_sdd_a,1,2,1,easy_open_short_path,easy,straight_line,"Open grid, no obstacles, short path.",20,GOAL_REACHED,GOAL_REACHED,4,4,0,False,False,False,False,False,same
opus_sdd_a,1,2,2,easy_single_obstacle_detour,easy,single_detour,Single obstacle on the direct path requiring one simple detour.,24,GOAL_REACHED,TIMEOUT,10,24,14,True,True,True,False,True,regression
opus_sdd_a,1,2,3,easy_l_wall_one_turn,easy,single_detour,L-shaped wall forcing a simple route with one major turn.,28,TIMEOUT,TIMEOUT,28,28,0,True,False,False,True,False,drift
opus_sdd_a,1,2,4,easy_corner_goal_blocked,easy,single_detour,Goal is in a corner with one obstacle blocking the most direct route.,26,GOAL_REACHED,TIMEOUT,15,26,11,True,True,True,False,True,regression
opus_sdd_a,1,2,5,easy_two_isolated_obstacles,easy,single_detour,Slightly longer path with two isolated obstacles on the direct route.,30,GOAL_REACHED,TIMEOUT,12,30,18,True,True,True,False,True,regression
opus_sdd_a,1,2,6,medium_straight_narrow_corridor,medium,corridor,Narrow one-cell-wide corridor running straight through the map.,15,GOAL_REACHED,TIMEOUT,7,15,8,True,True,True,False,True,regression
opus_sdd_a,1,2,7,medium_s_shaped_path,medium,corridor,S-shaped corridor with two forced turns.,20,TIMEOUT,TIMEOUT,20,20,0,True,False,False,True,False,drift
opus_sdd_a,1,2,8,medium_central_obstacle,medium,single_detour,Large central obstacle can be navigated around either side.,20,GOAL_REACHED,TIMEOUT,19,20,1,True,True,True,False,True,regression
opus_sdd_a,1,2,9,medium_single_valid_detour,medium,single_detour,Direct route is blocked and only one detour gap is available.,18,TIMEOUT,TIMEOUT,18,18,0,True,False,False,True,False,drift
opus_sdd_a,1,2,10,medium_dead_end_corridors,medium,dead_end,Two corridor choices exist; one is a dead end and one reaches the goal.,20,GOAL_REACHED,TIMEOUT,13,20,7,True,True,True,False,True,regression
opus_sdd_a,1,2,11,hard_maze_one_dead_end,hard,dead_end,Maze-like layout with one dead end before the correct path.,24,TIMEOUT,TIMEOUT,24,24,0,True,False,False,True,False,drift
opus_sdd_a,1,2,12,hard_u_trap_goal,hard,counterintuitive,U-shaped trap in front of the goal requiring the robot to go around.,24,TIMEOUT,TIMEOUT,24,24,0,True,False,False,True,False,drift
opus_sdd_a,1,2,13,hard_long_detour_budget,hard,counterintuitive,Long detour required; naive direct movement exhausts the tight budget.,26,TIMEOUT,TIMEOUT,26,26,0,True,False,False,True,False,drift
opus_sdd_a,1,2,14,hard_two_dead_ends,hard,dead_end,"Two dead ends and one correct path, with the correct route initially counterintuitive.",28,GOAL_REACHED,TIMEOUT,20,28,8,True,True,True,False,True,regression
opus_sdd_a,1,2,15,hard_move_away_corridor,hard,counterintuitive,Corridor forces the robot to move away from the nearby goal before reaching it.,22,GOAL_REACHED,TIMEOUT,21,22,1,True,True,True,False,True,regression
opus_sdd_a,2,3,1,easy_open_short_path,easy,straight_line,"Open grid, no obstacles, short path.",20,GOAL_REACHED,GOAL_REACHED,4,4,0,False,False,False,False,False,same
opus_sdd_a,2,3,2,easy_single_obstacle_detour,easy,single_detour,Single obstacle on the direct path requiring one simple detour.,24,TIMEOUT,GOAL_REACHED,24,10,-14,True,True,True,False,True,improvement
opus_sdd_a,2,3,3,easy_l_wall_one_turn,easy,single_detour,L-shaped wall forcing a simple route with one major turn.,28,TIMEOUT,TIMEOUT,28,28,0,True,False,False,True,False,drift
opus_sdd_a,2,3,4,easy_corner_goal_blocked,easy,single_detour,Goal is in a corner with one obstacle blocking the most direct route.,26,TIMEOUT,GOAL_REACHED,26,15,-11,True,True,True,False,True,improvement
opus_sdd_a,2,3,5,easy_two_isolated_obstacles,easy,single_detour,Slightly longer path with two isolated obstacles on the direct route.,30,TIMEOUT,GOAL_REACHED,30,12,-18,True,True,True,False,True,improvement
opus_sdd_a,2,3,6,medium_straight_narrow_corridor,medium,corridor,Narrow one-cell-wide corridor running straight through the map.,15,TIMEOUT,GOAL_REACHED,15,7,-8,True,True,True,False,True,improvement
opus_sdd_a,2,3,7,medium_s_shaped_path,medium,corridor,S-shaped corridor with two forced turns.,20,TIMEOUT,TIMEOUT,20,20,0,True,False,False,True,False,drift
opus_sdd_a,2,3,8,medium_central_obstacle,medium,single_detour,Large central obstacle can be navigated around either side.,20,TIMEOUT,GOAL_REACHED,20,19,-1,True,True,True,False,True,improvement
opus_sdd_a,2,3,9,medium_single_valid_detour,medium,single_detour,Direct route is blocked and only one detour gap is available.,18,TIMEOUT,TIMEOUT,18,18,0,True,False,False,True,False,drift
opus_sdd_a,2,3,10,medium_dead_end_corridors,medium,dead_end,Two corridor choices exist; one is a dead end and one reaches the goal.,20,TIMEOUT,GOAL_REACHED,20,13,-7,True,True,True,False,True,improvement
opus_sdd_a,2,3,11,hard_maze_one_dead_end,hard,dead_end,Maze-like layout with one dead end before the correct path.,24,TIMEOUT,TIMEOUT,24,24,0,True,False,False,True,False,drift
opus_sdd_a,2,3,12,hard_u_trap_goal,hard,counterintuitive,U-shaped trap in front of the goal requiring the robot to go around.,24,TIMEOUT,TIMEOUT,24,24,0,True,False,False,True,False,drift
opus_sdd_a,2,3,13,hard_long_detour_budget,hard,counterintuitive,Long detour required; naive direct movement exhausts the tight budget.,26,TIMEOUT,TIMEOUT,26,26,0,True,False,False,True,False,drift
opus_sdd_a,2,3,14,hard_two_dead_ends,hard,dead_end,"Two dead ends and one correct path, with the correct route initially counterintuitive.",28,TIMEOUT,GOAL_REACHED,28,20,-8,True,True,True,False,True,improvement
opus_sdd_a,2,3,15,hard_move_away_corridor,hard,counterintuitive,Corridor forces the robot to move away from the nearby goal before reaching it.,22,TIMEOUT,TIMEOUT,22,22,0,True,False,False,True,False,drift
opus_sdd_a,3,4,1,easy_open_short_path,easy,straight_line,"Open grid, no obstacles, short path.",20,GOAL_REACHED,GOAL_REACHED,4,4,0,False,False,False,False,False,same
opus_sdd_a,3,4,2,easy_single_obstacle_detour,easy,single_detour,Single obstacle on the direct path requiring one simple detour.,24,GOAL_REACHED,GOAL_REACHED,10,13,3,True,False,True,False,False,regression
opus_sdd_a,3,4,3,easy_l_wall_one_turn,easy,single_detour,L-shaped wall forcing a simple route with one major turn.,28,TIMEOUT,GOAL_REACHED,28,18,-10,True,True,True,False,True,improvement
opus_sdd_a,3,4,4,easy_corner_goal_blocked,easy,single_detour,Goal is in a corner with one obstacle blocking the most direct route.,26,GOAL_REACHED,GOAL_REACHED,15,15,0,False,False,False,False,False,same
opus_sdd_a,3,4,5,easy_two_isolated_obstacles,easy,single_detour,Slightly longer path with two isolated obstacles on the direct route.,30,GOAL_REACHED,GOAL_REACHED,12,15,3,True,False,True,False,False,regression
opus_sdd_a,3,4,6,medium_straight_narrow_corridor,medium,corridor,Narrow one-cell-wide corridor running straight through the map.,15,GOAL_REACHED,GOAL_REACHED,7,7,0,False,False,False,False,False,same
opus_sdd_a,3,4,7,medium_s_shaped_path,medium,corridor,S-shaped corridor with two forced turns.,20,TIMEOUT,TIMEOUT,20,20,0,True,False,False,True,False,drift
opus_sdd_a,3,4,8,medium_central_obstacle,medium,single_detour,Large central obstacle can be navigated around either side.,20,GOAL_REACHED,TIMEOUT,19,20,1,True,True,True,False,True,regression
opus_sdd_a,3,4,9,medium_single_valid_detour,medium,single_detour,Direct route is blocked and only one detour gap is available.,18,TIMEOUT,TIMEOUT,18,18,0,True,False,False,True,False,drift
opus_sdd_a,3,4,10,medium_dead_end_corridors,medium,dead_end,Two corridor choices exist; one is a dead end and one reaches the goal.,20,GOAL_REACHED,TIMEOUT,13,20,7,True,True,True,False,True,regression
opus_sdd_a,3,4,11,hard_maze_one_dead_end,hard,dead_end,Maze-like layout with one dead end before the correct path.,24,TIMEOUT,TIMEOUT,24,24,0,True,False,False,True,False,drift
opus_sdd_a,3,4,12,hard_u_trap_goal,hard,counterintuitive,U-shaped trap in front of the goal requiring the robot to go around.,24,TIMEOUT,TIMEOUT,24,24,0,True,False,False,True,False,drift
opus_sdd_a,3,4,13,hard_long_detour_budget,hard,counterintuitive,Long detour required; naive direct movement exhausts the tight budget.,26,TIMEOUT,TIMEOUT,26,26,0,True,False,False,True,False,drift
opus_sdd_a,3,4,14,hard_two_dead_ends,hard,dead_end,"Two dead ends and one correct path, with the correct route initially counterintuitive.",28,GOAL_REACHED,TIMEOUT,20,28,8,True,True,True,False,True,regression
opus_sdd_a,3,4,15,hard_move_away_corridor,hard,counterintuitive,Corridor forces the robot to move away from the nearby goal before reaching it.,22,TIMEOUT,TIMEOUT,22,22,0,True,False,False,True,False,drift
opus_sdd_b,1,2,1,easy_open_short_path,easy,straight_line,"Open grid, no obstacles, short path.",20,GOAL_REACHED,GOAL_REACHED,4,4,0,False,False,False,False,False,same
opus_sdd_b,1,2,2,easy_single_obstacle_detour,easy,single_detour,Single obstacle on the direct path requiring one simple detour.,24,GOAL_REACHED,TIMEOUT,10,24,14,True,True,True,False,True,regression
opus_sdd_b,1,2,3,easy_l_wall_one_turn,easy,single_detour,L-shaped wall forcing a simple route with one major turn.,28,GOAL_REACHED,TIMEOUT,18,28,10,True,True,True,False,True,regression
opus_sdd_b,1,2,4,easy_corner_goal_blocked,easy,single_detour,Goal is in a corner with one obstacle blocking the most direct route.,26,GOAL_REACHED,TIMEOUT,15,26,11,True,True,True,False,True,regression
opus_sdd_b,1,2,5,easy_two_isolated_obstacles,easy,single_detour,Slightly longer path with two isolated obstacles on the direct route.,30,GOAL_REACHED,TIMEOUT,12,30,18,True,True,True,False,True,regression
opus_sdd_b,1,2,6,medium_straight_narrow_corridor,medium,corridor,Narrow one-cell-wide corridor running straight through the map.,15,GOAL_REACHED,TIMEOUT,7,15,8,True,True,True,False,True,regression
opus_sdd_b,1,2,7,medium_s_shaped_path,medium,corridor,S-shaped corridor with two forced turns.,20,TIMEOUT,TIMEOUT,20,20,0,True,False,False,True,False,drift
opus_sdd_b,1,2,8,medium_central_obstacle,medium,single_detour,Large central obstacle can be navigated around either side.,20,TIMEOUT,TIMEOUT,20,20,0,True,False,False,True,False,drift
opus_sdd_b,1,2,9,medium_single_valid_detour,medium,single_detour,Direct route is blocked and only one detour gap is available.,18,TIMEOUT,TIMEOUT,18,18,0,True,False,False,True,False,drift
opus_sdd_b,1,2,10,medium_dead_end_corridors,medium,dead_end,Two corridor choices exist; one is a dead end and one reaches the goal.,20,TIMEOUT,TIMEOUT,20,20,0,True,False,False,True,False,drift
opus_sdd_b,1,2,11,hard_maze_one_dead_end,hard,dead_end,Maze-like layout with one dead end before the correct path.,24,TIMEOUT,TIMEOUT,24,24,0,True,False,False,True,False,drift
opus_sdd_b,1,2,12,hard_u_trap_goal,hard,counterintuitive,U-shaped trap in front of the goal requiring the robot to go around.,24,TIMEOUT,TIMEOUT,24,24,0,True,False,False,True,False,drift
opus_sdd_b,1,2,13,hard_long_detour_budget,hard,counterintuitive,Long detour required; naive direct movement exhausts the tight budget.,26,TIMEOUT,TIMEOUT,26,26,0,True,False,False,True,False,drift
opus_sdd_b,1,2,14,hard_two_dead_ends,hard,dead_end,"Two dead ends and one correct path, with the correct route initially counterintuitive.",28,GOAL_REACHED,TIMEOUT,20,28,8,True,True,True,False,True,regression
opus_sdd_b,1,2,15,hard_move_away_corridor,hard,counterintuitive,Corridor forces the robot to move away from the nearby goal before reaching it.,22,TIMEOUT,TIMEOUT,22,22,0,True,False,False,True,False,drift
opus_sdd_b,2,3,1,easy_open_short_path,easy,straight_line,"Open grid, no obstacles, short path.",20,GOAL_REACHED,GOAL_REACHED,4,4,0,False,False,False,False,False,same
opus_sdd_b,2,3,2,easy_single_obstacle_detour,easy,single_detour,Single obstacle on the direct path requiring one simple detour.,24,TIMEOUT,GOAL_REACHED,24,9,-15,True,True,True,False,True,improvement
opus_sdd_b,2,3,3,easy_l_wall_one_turn,easy,single_detour,L-shaped wall forcing a simple route with one major turn.,28,TIMEOUT,GOAL_REACHED,28,28,0,True,True,False,False,True,improvement
opus_sdd_b,2,3,4,easy_corner_goal_blocked,easy,single_detour,Goal is in a corner with one obstacle blocking the most direct route.,26,TIMEOUT,TIMEOUT,26,26,0,True,False,False,True,False,drift
opus_sdd_b,2,3,5,easy_two_isolated_obstacles,easy,single_detour,Slightly longer path with two isolated obstacles on the direct route.,30,TIMEOUT,TIMEOUT,30,30,0,True,False,False,True,False,drift
opus_sdd_b,2,3,6,medium_straight_narrow_corridor,medium,corridor,Narrow one-cell-wide corridor running straight through the map.,15,TIMEOUT,GOAL_REACHED,15,12,-3,True,True,True,False,True,improvement
opus_sdd_b,2,3,7,medium_s_shaped_path,medium,corridor,S-shaped corridor with two forced turns.,20,TIMEOUT,TIMEOUT,20,20,0,True,False,False,True,False,drift
opus_sdd_b,2,3,8,medium_central_obstacle,medium,single_detour,Large central obstacle can be navigated around either side.,20,TIMEOUT,TIMEOUT,20,20,0,True,False,False,True,False,drift
opus_sdd_b,2,3,9,medium_single_valid_detour,medium,single_detour,Direct route is blocked and only one detour gap is available.,18,TIMEOUT,TIMEOUT,18,18,0,True,False,False,True,False,drift
opus_sdd_b,2,3,10,medium_dead_end_corridors,medium,dead_end,Two corridor choices exist; one is a dead end and one reaches the goal.,20,TIMEOUT,TIMEOUT,20,20,0,True,False,False,True,False,drift
opus_sdd_b,2,3,11,hard_maze_one_dead_end,hard,dead_end,Maze-like layout with one dead end before the correct path.,24,TIMEOUT,TIMEOUT,24,24,0,True,False,False,True,False,drift
opus_sdd_b,2,3,12,hard_u_trap_goal,hard,counterintuitive,U-shaped trap in front of the goal requiring the robot to go around.,24,TIMEOUT,TIMEOUT,24,24,0,True,False,False,True,False,drift
opus_sdd_b,2,3,13,hard_long_detour_budget,hard,counterintuitive,Long detour required; naive direct movement exhausts the tight budget.,26,TIMEOUT,TIMEOUT,26,26,0,True,False,False,True,False,drift
opus_sdd_b,2,3,14,hard_two_dead_ends,hard,dead_end,"Two dead ends and one correct path, with the correct route initially counterintuitive.",28,TIMEOUT,TIMEOUT,28,28,0,True,False,False,True,False,drift
opus_sdd_b,2,3,15,hard_move_away_corridor,hard,counterintuitive,Corridor forces the robot to move away from the nearby goal before reaching it.,22,TIMEOUT,GOAL_REACHED,22,19,-3,True,True,True,False,True,improvement
opus_sdd_b,3,4,1,easy_open_short_path,easy,straight_line,"Open grid, no obstacles, short path.",20,GOAL_REACHED,GOAL_REACHED,4,4,0,False,False,False,False,False,same
opus_sdd_b,3,4,2,easy_single_obstacle_detour,easy,single_detour,Single obstacle on the direct path requiring one simple detour.,24,GOAL_REACHED,GOAL_REACHED,9,9,0,False,False,False,False,False,same
opus_sdd_b,3,4,3,easy_l_wall_one_turn,easy,single_detour,L-shaped wall forcing a simple route with one major turn.,28,GOAL_REACHED,GOAL_REACHED,28,28,0,False,False,False,False,False,same
opus_sdd_b,3,4,4,easy_corner_goal_blocked,easy,single_detour,Goal is in a corner with one obstacle blocking the most direct route.,26,TIMEOUT,TIMEOUT,26,26,0,False,False,False,False,False,same
opus_sdd_b,3,4,5,easy_two_isolated_obstacles,easy,single_detour,Slightly longer path with two isolated obstacles on the direct route.,30,TIMEOUT,TIMEOUT,30,30,0,False,False,False,False,False,same
opus_sdd_b,3,4,6,medium_straight_narrow_corridor,medium,corridor,Narrow one-cell-wide corridor running straight through the map.,15,GOAL_REACHED,GOAL_REACHED,12,12,0,False,False,False,False,False,same
opus_sdd_b,3,4,7,medium_s_shaped_path,medium,corridor,S-shaped corridor with two forced turns.,20,TIMEOUT,TIMEOUT,20,20,0,False,False,False,False,False,same
opus_sdd_b,3,4,8,medium_central_obstacle,medium,single_detour,Large central obstacle can be navigated around either side.,20,TIMEOUT,TIMEOUT,20,20,0,False,False,False,False,False,same
opus_sdd_b,3,4,9,medium_single_valid_detour,medium,single_detour,Direct route is blocked and only one detour gap is available.,18,TIMEOUT,TIMEOUT,18,18,0,False,False,False,False,False,same
opus_sdd_b,3,4,10,medium_dead_end_corridors,medium,dead_end,Two corridor choices exist; one is a dead end and one reaches the goal.,20,TIMEOUT,TIMEOUT,20,20,0,False,False,False,False,False,same
opus_sdd_b,3,4,11,hard_maze_one_dead_end,hard,dead_end,Maze-like layout with one dead end before the correct path.,24,TIMEOUT,TIMEOUT,24,24,0,False,False,False,False,False,same
opus_sdd_b,3,4,12,hard_u_trap_goal,hard,counterintuitive,U-shaped trap in front of the goal requiring the robot to go around.,24,TIMEOUT,TIMEOUT,24,24,0,False,False,False,False,False,same
opus_sdd_b,3,4,13,hard_long_detour_budget,hard,counterintuitive,Long detour required; naive direct movement exhausts the tight budget.,26,TIMEOUT,TIMEOUT,26,26,0,False,False,False,False,False,same
opus_sdd_b,3,4,14,hard_two_dead_ends,hard,dead_end,"Two dead ends and one correct path, with the correct route initially counterintuitive.",28,TIMEOUT,TIMEOUT,28,28,0,False,False,False,False,False,same
opus_sdd_b,3,4,15,hard_move_away_corridor,hard,counterintuitive,Corridor forces the robot to move away from the nearby goal before reaching it.,22,GOAL_REACHED,GOAL_REACHED,19,19,0,False,False,False,False,False,same
opus_sdd_c,1,2,1,easy_open_short_path,easy,straight_line,"Open grid, no obstacles, short path.",20,GOAL_REACHED,GOAL_REACHED,4,4,0,False,False,False,False,False,same
opus_sdd_c,1,2,2,easy_single_obstacle_detour,easy,single_detour,Single obstacle on the direct path requiring one simple detour.,24,GOAL_REACHED,GOAL_REACHED,10,10,0,False,False,False,False,False,same
opus_sdd_c,1,2,3,easy_l_wall_one_turn,easy,single_detour,L-shaped wall forcing a simple route with one major turn.,28,GOAL_REACHED,GOAL_REACHED,18,18,0,False,False,False,False,False,same
opus_sdd_c,1,2,4,easy_corner_goal_blocked,easy,single_detour,Goal is in a corner with one obstacle blocking the most direct route.,26,GOAL_REACHED,GOAL_REACHED,15,15,0,False,False,False,False,False,same
opus_sdd_c,1,2,5,easy_two_isolated_obstacles,easy,single_detour,Slightly longer path with two isolated obstacles on the direct route.,30,GOAL_REACHED,GOAL_REACHED,12,12,0,False,False,False,False,False,same
opus_sdd_c,1,2,6,medium_straight_narrow_corridor,medium,corridor,Narrow one-cell-wide corridor running straight through the map.,15,GOAL_REACHED,GOAL_REACHED,7,7,0,False,False,False,False,False,same
opus_sdd_c,1,2,7,medium_s_shaped_path,medium,corridor,S-shaped corridor with two forced turns.,20,TIMEOUT,TIMEOUT,20,20,0,True,False,False,True,False,drift
opus_sdd_c,1,2,8,medium_central_obstacle,medium,single_detour,Large central obstacle can be navigated around either side.,20,TIMEOUT,TIMEOUT,20,20,0,False,False,False,False,False,same
opus_sdd_c,1,2,9,medium_single_valid_detour,medium,single_detour,Direct route is blocked and only one detour gap is available.,18,TIMEOUT,TIMEOUT,18,18,0,False,False,False,False,False,same
opus_sdd_c,1,2,10,medium_dead_end_corridors,medium,dead_end,Two corridor choices exist; one is a dead end and one reaches the goal.,20,GOAL_REACHED,GOAL_REACHED,13,13,0,False,False,False,False,False,same
opus_sdd_c,1,2,11,hard_maze_one_dead_end,hard,dead_end,Maze-like layout with one dead end before the correct path.,24,TIMEOUT,TIMEOUT,24,24,0,False,False,False,False,False,same
opus_sdd_c,1,2,12,hard_u_trap_goal,hard,counterintuitive,U-shaped trap in front of the goal requiring the robot to go around.,24,TIMEOUT,TIMEOUT,24,24,0,False,False,False,False,False,same
opus_sdd_c,1,2,13,hard_long_detour_budget,hard,counterintuitive,Long detour required; naive direct movement exhausts the tight budget.,26,TIMEOUT,TIMEOUT,26,26,0,True,False,False,True,False,drift
opus_sdd_c,1,2,14,hard_two_dead_ends,hard,dead_end,"Two dead ends and one correct path, with the correct route initially counterintuitive.",28,GOAL_REACHED,GOAL_REACHED,20,20,0,False,False,False,False,False,same
opus_sdd_c,1,2,15,hard_move_away_corridor,hard,counterintuitive,Corridor forces the robot to move away from the nearby goal before reaching it.,22,TIMEOUT,TIMEOUT,22,22,0,True,False,False,True,False,drift
opus_sdd_c,2,3,1,easy_open_short_path,easy,straight_line,"Open grid, no obstacles, short path.",20,GOAL_REACHED,GOAL_REACHED,4,4,0,False,False,False,False,False,same
opus_sdd_c,2,3,2,easy_single_obstacle_detour,easy,single_detour,Single obstacle on the direct path requiring one simple detour.,24,GOAL_REACHED,GOAL_REACHED,10,10,0,False,False,False,False,False,same
opus_sdd_c,2,3,3,easy_l_wall_one_turn,easy,single_detour,L-shaped wall forcing a simple route with one major turn.,28,GOAL_REACHED,GOAL_REACHED,18,18,0,False,False,False,False,False,same
opus_sdd_c,2,3,4,easy_corner_goal_blocked,easy,single_detour,Goal is in a corner with one obstacle blocking the most direct route.,26,GOAL_REACHED,GOAL_REACHED,15,15,0,False,False,False,False,False,same
opus_sdd_c,2,3,5,easy_two_isolated_obstacles,easy,single_detour,Slightly longer path with two isolated obstacles on the direct route.,30,GOAL_REACHED,GOAL_REACHED,12,12,0,False,False,False,False,False,same
opus_sdd_c,2,3,6,medium_straight_narrow_corridor,medium,corridor,Narrow one-cell-wide corridor running straight through the map.,15,GOAL_REACHED,GOAL_REACHED,7,7,0,False,False,False,False,False,same
opus_sdd_c,2,3,7,medium_s_shaped_path,medium,corridor,S-shaped corridor with two forced turns.,20,TIMEOUT,TIMEOUT,20,20,0,False,False,False,False,False,same
opus_sdd_c,2,3,8,medium_central_obstacle,medium,single_detour,Large central obstacle can be navigated around either side.,20,TIMEOUT,TIMEOUT,20,20,0,True,False,False,True,False,drift
opus_sdd_c,2,3,9,medium_single_valid_detour,medium,single_detour,Direct route is blocked and only one detour gap is available.,18,TIMEOUT,TIMEOUT,18,18,0,True,False,False,True,False,drift
opus_sdd_c,2,3,10,medium_dead_end_corridors,medium,dead_end,Two corridor choices exist; one is a dead end and one reaches the goal.,20,GOAL_REACHED,TIMEOUT,13,20,7,True,True,True,False,True,regression
opus_sdd_c,2,3,11,hard_maze_one_dead_end,hard,dead_end,Maze-like layout with one dead end before the correct path.,24,TIMEOUT,TIMEOUT,24,24,0,True,False,False,True,False,drift
opus_sdd_c,2,3,12,hard_u_trap_goal,hard,counterintuitive,U-shaped trap in front of the goal requiring the robot to go around.,24,TIMEOUT,TIMEOUT,24,24,0,True,False,False,True,False,drift
opus_sdd_c,2,3,13,hard_long_detour_budget,hard,counterintuitive,Long detour required; naive direct movement exhausts the tight budget.,26,TIMEOUT,TIMEOUT,26,26,0,True,False,False,True,False,drift
opus_sdd_c,2,3,14,hard_two_dead_ends,hard,dead_end,"Two dead ends and one correct path, with the correct route initially counterintuitive.",28,GOAL_REACHED,TIMEOUT,20,28,8,True,True,True,False,True,regression
opus_sdd_c,2,3,15,hard_move_away_corridor,hard,counterintuitive,Corridor forces the robot to move away from the nearby goal before reaching it.,22,TIMEOUT,TIMEOUT,22,22,0,True,False,False,True,False,drift
opus_sdd_c,3,4,1,easy_open_short_path,easy,straight_line,"Open grid, no obstacles, short path.",20,GOAL_REACHED,GOAL_REACHED,4,4,0,False,False,False,False,False,same
opus_sdd_c,3,4,2,easy_single_obstacle_detour,easy,single_detour,Single obstacle on the direct path requiring one simple detour.,24,GOAL_REACHED,GOAL_REACHED,10,10,0,False,False,False,False,False,same
opus_sdd_c,3,4,3,easy_l_wall_one_turn,easy,single_detour,L-shaped wall forcing a simple route with one major turn.,28,GOAL_REACHED,GOAL_REACHED,18,19,1,True,False,True,False,False,regression
opus_sdd_c,3,4,4,easy_corner_goal_blocked,easy,single_detour,Goal is in a corner with one obstacle blocking the most direct route.,26,GOAL_REACHED,GOAL_REACHED,15,15,0,False,False,False,False,False,same
opus_sdd_c,3,4,5,easy_two_isolated_obstacles,easy,single_detour,Slightly longer path with two isolated obstacles on the direct route.,30,GOAL_REACHED,GOAL_REACHED,12,16,4,True,False,True,False,False,regression
opus_sdd_c,3,4,6,medium_straight_narrow_corridor,medium,corridor,Narrow one-cell-wide corridor running straight through the map.,15,GOAL_REACHED,GOAL_REACHED,7,7,0,False,False,False,False,False,same
opus_sdd_c,3,4,7,medium_s_shaped_path,medium,corridor,S-shaped corridor with two forced turns.,20,TIMEOUT,TIMEOUT,20,20,0,True,False,False,True,False,drift
opus_sdd_c,3,4,8,medium_central_obstacle,medium,single_detour,Large central obstacle can be navigated around either side.,20,TIMEOUT,TIMEOUT,20,20,0,True,False,False,True,False,drift
opus_sdd_c,3,4,9,medium_single_valid_detour,medium,single_detour,Direct route is blocked and only one detour gap is available.,18,TIMEOUT,TIMEOUT,18,18,0,True,False,False,True,False,drift
opus_sdd_c,3,4,10,medium_dead_end_corridors,medium,dead_end,Two corridor choices exist; one is a dead end and one reaches the goal.,20,TIMEOUT,TIMEOUT,20,20,0,True,False,False,True,False,drift
opus_sdd_c,3,4,11,hard_maze_one_dead_end,hard,dead_end,Maze-like layout with one dead end before the correct path.,24,TIMEOUT,TIMEOUT,24,24,0,True,False,False,True,False,drift
opus_sdd_c,3,4,12,hard_u_trap_goal,hard,counterintuitive,U-shaped trap in front of the goal requiring the robot to go around.,24,TIMEOUT,TIMEOUT,24,24,0,True,False,False,True,False,drift
opus_sdd_c,3,4,13,hard_long_detour_budget,hard,counterintuitive,Long detour required; naive direct movement exhausts the tight budget.,26,TIMEOUT,TIMEOUT,26,26,0,True,False,False,True,False,drift
opus_sdd_c,3,4,14,hard_two_dead_ends,hard,dead_end,"Two dead ends and one correct path, with the correct route initially counterintuitive.",28,TIMEOUT,TIMEOUT,28,28,0,True,False,False,True,False,drift
opus_sdd_c,3,4,15,hard_move_away_corridor,hard,counterintuitive,Corridor forces the robot to move away from the nearby goal before reaching it.,22,TIMEOUT,TIMEOUT,22,22,0,True,False,False,True,False,drift
target,1,2,1,easy_open_short_path,easy,straight_line,"Open grid, no obstacles, short path.",20,GOAL_REACHED,GOAL_REACHED,4,9,5,True,False,True,False,False,regression
target,1,2,2,easy_single_obstacle_detour,easy,single_detour,Single obstacle on the direct path requiring one simple detour.,24,GOAL_REACHED,GOAL_REACHED,10,9,-1,True,False,True,False,False,improvement
target,1,2,3,easy_l_wall_one_turn,easy,single_detour,L-shaped wall forcing a simple route with one major turn.,28,GOAL_REACHED,GOAL_REACHED,10,14,4,True,False,True,False,False,regression
target,1,2,4,easy_corner_goal_blocked,easy,single_detour,Goal is in a corner with one obstacle blocking the most direct route.,26,GOAL_REACHED,GOAL_REACHED,12,10,-2,True,False,True,False,False,improvement
target,1,2,5,easy_two_isolated_obstacles,easy,single_detour,Slightly longer path with two isolated obstacles on the direct route.,30,GOAL_REACHED,GOAL_REACHED,12,12,0,True,False,False,True,False,drift
target,1,2,6,medium_straight_narrow_corridor,medium,corridor,Narrow one-cell-wide corridor running straight through the map.,15,TIMEOUT,GOAL_REACHED,15,10,-5,True,True,True,False,True,improvement
target,1,2,7,medium_s_shaped_path,medium,corridor,S-shaped corridor with two forced turns.,20,TIMEOUT,GOAL_REACHED,20,19,-1,True,True,True,False,True,improvement
target,1,2,8,medium_central_obstacle,medium,single_detour,Large central obstacle can be navigated around either side.,20,TIMEOUT,GOAL_REACHED,20,13,-7,True,True,True,False,True,improvement
target,1,2,9,medium_single_valid_detour,medium,single_detour,Direct route is blocked and only one detour gap is available.,18,TIMEOUT,GOAL_REACHED,18,13,-5,True,True,True,False,True,improvement
target,1,2,10,medium_dead_end_corridors,medium,dead_end,Two corridor choices exist; one is a dead end and one reaches the goal.,20,TIMEOUT,GOAL_REACHED,20,12,-8,True,True,True,False,True,improvement
target,1,2,11,hard_maze_one_dead_end,hard,dead_end,Maze-like layout with one dead end before the correct path.,24,TIMEOUT,GOAL_REACHED,24,13,-11,True,True,True,False,True,improvement
target,1,2,12,hard_u_trap_goal,hard,counterintuitive,U-shaped trap in front of the goal requiring the robot to go around.,24,TIMEOUT,GOAL_REACHED,24,15,-9,True,True,True,False,True,improvement
target,1,2,13,hard_long_detour_budget,hard,counterintuitive,Long detour required; naive direct movement exhausts the tight budget.,26,TIMEOUT,GOAL_REACHED,26,16,-10,True,True,True,False,True,improvement
target,1,2,14,hard_two_dead_ends,hard,dead_end,"Two dead ends and one correct path, with the correct route initially counterintuitive.",28,TIMEOUT,GOAL_REACHED,28,15,-13,True,True,True,False,True,improvement
target,1,2,15,hard_move_away_corridor,hard,counterintuitive,Corridor forces the robot to move away from the nearby goal before reaching it.,22,TIMEOUT,GOAL_REACHED,22,13,-9,True,True,True,False,True,improvement
